,Pos,Name,BV,SV,Team,26_xMins,26_Pts,27_xMins,27_Pts,28_xMins,28_Pts,29_xMins,29_Pts,30_xMins,30_Pts,31_xMins,31_Pts,32_xMins,32_Pts,33_xMins,33_Pts
0,G,Leno,4.5,4.5,Arsenal,0.0,0.0,0.0,0.0,1.0,0.046,0.0,0.0,1.0,0.042,0.0,0.0,0.0,0.0,1,0.042
1,G,Rúnarsson,4.0,4.0,Arsenal,0.0,0.0,0.0,0.0,0.0,0.0,0.0,0.0,0.0,0.0,0.0,0.0,0.0,0.0,0,0.0
2,M,Willian,6.3,6.3,Arsenal,0.0,0.0,0.0,0.0,0.0,0.0,0.0,0.0,0.0,0.0,0.0,0.0,0.0,0.0,0,0.0
3,F,Aubameyang,9.6,9.6,Arsenal,0.0,0.0,0.0,0.0,0.0,0.0,0.0,0.0,0.0,0.0,0.0,0.0,0.0,0.0,0,0.0
4,D,Cédric,4.2,4.2,Arsenal,31.0,3.215,0.0,0.0,14.0,0.619,15.0,0.652,17.0,0.694,4.425,0.679,4.720000000000001,0.8220000000000001,18,0.734
5,F,Lacazette,8.3,8.3,Arsenal,77.0,9.826,0.0,0.0,90.0,5.479,84.0,5.598999999999999,71.0,4.103,20.65,4.611,20.65,5.039,67,4.024
6,M,Xhaka,4.8,4.8,Arsenal,82.5,5.3100000000000005,0.0,0.0,94.0,2.89,93.0,2.851,77.0,2.224,22.42,2.568,21.83,2.672,74,2.162
7,D,Marí,4.2,4.2,Arsenal,0.0,0.0,0.0,0.0,0.0,0.0,0.0,0.0,0.0,0.0,0.0,0.0,0.0,0.0,0,0.0
8,D,Bellerín,4.8,4.8,Arsenal,0.0,0.0,0.0,0.0,0.0,0.0,0.0,0.0,0.0,0.0,0.0,0.0,0.0,0.0,0,0.0
9,D,Chambers,4.2,4.2,Aston Villa,49.0,2.376,3.266666666666667,0.0,4.033333333333333,0.403,13.76,0.412,12.0,0.382,6.05,0.6190000000000001,6.05,0.6100000000000001,14,0.352
10,D,Kolasinac,4.2,4.2,Arsenal,0.0,0.0,0.0,0.0,0.0,0.0,0.0,0.0,0.0,0.0,0.0,0.0,0.0,0.0,0,0.0
11,M,Elneny,4.4,4.4,Arsenal,8.5,0.798,0.0,0.0,13.0,0.5750000000000001,12.0,0.527,14.0,0.6,3.835,0.6050000000000001,3.835,0.627,18,0.778
12,M,Maitland-Niles,5.2,5.2,Arsenal,0.0,0.0,0.0,0.0,0.0,0.0,0.0,0.0,0.0,0.0,0.0,0.0,0.0,0.0,0,0.0
13,D,Holding,4.1,4.1,Arsenal,13.0,1.17,0.0,0.0,22.0,0.939,23.0,0.952,19.0,0.733,8.26,1.3019999999999998,8.555,1.5599999999999998,29,1.171
14,M,Partey,5.0,5.0,Arsenal,84.0,5.978999999999999,0.0,0.0,95.0,3.192,92.0,3.136,75.0,2.383,22.715,2.8120000000000003,22.715,3.007,71,2.309
15,D,Tierney,5.1,5.1,Arsenal,88.0,9.474,0.0,0.0,100.0,4.601999999999999,97.0,4.398000000000001,83.0,3.296,23.6,3.8,22.715,4.35,80,3.208
16,M,Pépé,6.9,6.9,Arsenal,15.5,2.312,0.0,0.0,14.0,1.084,16.0,1.301,15.0,1.061,4.720000000000001,1.2679999999999998,5.31,1.5039999999999998,19,1.345
17,M,Torreira,4.5,4.5,Arsenal,0.0,0.0,0.0,0.0,0.0,0.0,0.0,0.0,0.0,0.0,0.0,0.0,0.0,0.0,0,0.0
18,M,Willock,5.7,5.7,Newcastle,41.0,1.607,48.0,0.0,20.26,2.418,59.0,1.951,17.15,0.652,21.55333333333333,2.276,20.33333333333333,2.39,48,2.043
19,F,Nketiah,5.4,5.4,Arsenal,13.5,1.823,0.0,0.0,15.0,1.036,16.0,1.208,16.0,1.066,4.13,1.0499999999999998,4.720000000000001,1.2859999999999998,17,1.158
20,M,Smith Rowe,5.8,5.8,Arsenal,54.0,6.048,0.0,0.0,51.0,2.709,49.0,2.76,45.0,2.306,13.865,2.6980000000000004,13.57,2.8610000000000007,46,2.384
21,M,Saka,6.4,6.4,Arsenal,78.5,9.342,0.0,0.0,94.0,5.22,86.0,5.238,72.0,3.813,20.65,4.284,21.24,4.828,74,3.963
22,D,Gabriel,5.3,5.3,Arsenal,88.0,9.536,0.0,0.0,97.0,4.493,96.0,4.327000000000001,82.0,3.24,22.715,3.634,21.83,4.155,75,3.034
23,D,Mavropanos,4.5,4.5,Arsenal,0.0,0.0,0.0,0.0,0.0,0.0,0.0,0.0,0.0,0.0,0.0,0.0,0.0,0.0,0,0.0
24,M,Guendouzi,4.5,4.5,Arsenal,0.0,0.0,0.0,0.0,0.0,0.0,0.0,0.0,0.0,0.0,0.0,0.0,0.0,0.0,0,0.0
25,M,Martinelli,5.3,5.3,Arsenal,36.0,4.191,0.0,0.0,81.0,4.667,79.0,4.754,65.0,3.443,19.765,4.036,17.7,4.026,60,3.274
26,D,Saliba,4.5,4.5,Arsenal,0.0,0.0,0.0,0.0,0.0,0.0,0.0,0.0,0.0,0.0,0.0,0.0,0.0,0.0,0,0.0
27,G,Steer,3.9,3.9,Aston Villa,0.0,0.0,0.0,0.0,0.0,0.0,0.0,0.0,0.0,0.0,0.0,0.0,0.0,0.0,0,0.0
28,M,Hourihane,4.9,4.9,Aston Villa,0.0,0.0,0.0,0.0,0.0,0.0,0.0,0.0,0.0,0.0,0.0,0.0,0.0,0.0,0,0.0
29,G,Martínez,5.5,5.5,Aston Villa,90.0,4.128,33.0,0.0,35.79666666666667,4.485,104.57,4.008,87.0,3.376,35.49333333333333,4.340999999999999,35.09,4.222,87,3.116
30,D,Engels,4.5,4.5,Aston Villa,0.0,0.0,0.0,0.0,0.0,0.0,0.0,0.0,0.0,0.0,0.0,0.0,0.0,0.0,0,0.0
31,M,Traoré,5.7,5.7,Aston Villa,0.0,0.0,0.0333333333333333,0.0,1.35,0.2239999999999999,6.88,0.358,10.0,0.548,3.63,0.536,3.63,0.5690000000000001,12,0.609
32,M,Grealish,7.5,7.5,Man City,41.0,2.759,45.0,0.0,49.0,3.176,46.0,2.935,3.0,0.194,48.0,3.298,45.0,2.548,49,2.934
33,M,Sanson,5.0,5.0,Aston Villa,14.0,0.758,6.166666666666667,0.0,7.3,1.032,22.42,0.973,20.0,0.904,6.05,0.7680000000000001,5.243333333333333,0.7140000000000001,13,0.588
34,M,McGinn,5.8,5.8,Aston Villa,86.0,3.478,30.866666666666664,0.0,33.736666666666665,3.709,94.58,3.074,82.0,2.63,30.25,3.019,31.05666666666667,3.209,69,2.085
35,D,Hause,4.4,4.4,Aston Villa,43.0,2.176,2.1666666666666665,0.0,3.633333333333333,0.38,14.88,0.45,12.0,0.393,5.243333333333333,0.526,5.243333333333333,0.53,17,0.445
36,M,Trézéguet,5.4,5.4,Aston Villa,0.0,0.0,0.0,0.0,0.0,0.0,0.0,0.0,0.0,0.0,0.0,0.0,0.0,0.0,0,0.0
37,D,Mings,5.0,5.0,Aston Villa,88.0,4.058,30.866666666666664,0.0,34.61666666666667,3.816,99.8,2.784,82.0,2.437,33.47666666666667,3.348,32.266666666666666,3.17,77,1.582
38,D,Targett,4.7,4.7,Newcastle,78.0,1.911,74.0,0.0,29.69,3.062,79.0,1.315,22.75,0.797,26.02666666666667,1.83,25.213333333333328,2.732,64,2.111
39,F,Watkins,7.6,7.6,Aston Villa,88.0,4.907,30.766666666666666,0.0,33.266666666666666,5.228,94.91,4.209,77.0,3.44,30.65333333333333,4.019,30.25,4.339,74,2.9
40,M,Nakamba,4.4,4.4,Aston Villa,0.0,0.0,0.0,0.0,0.0,0.0,0.0,0.0,0.0,0.0,7.260000000000001,0.7080000000000001,12.1,1.151,43,1.277
41,M,El Ghazi,5.6,5.6,Everton,19.0,1.175,17.0,0.0,20.44,1.1429999999999998,17.6,1.105,4.0,0.203,5.567500000000001,1.238,5.567500000000001,1.292,16,1.091
42,M,Buendía,6.2,6.2,Aston Villa,71.0,3.803,75.0,0.0,81.0,4.06,80.0,3.335,65.0,2.787,77.0,3.283,77.0,3.5,63,2.398
43,D,Cash,5.1,5.1,Aston Villa,89.0,4.182,31.2,0.0,33.51,3.888,95.13,2.833,80.0,2.491,31.863333333333333,3.324,32.669999999999995,3.3230000000000004,78,1.678
44,D,Konsa,4.9,4.9,Aston Villa,0.0,0.0,31.133333333333336,0.0,32.70333333333333,3.609,94.02,2.6870000000000003,78.0,2.36,31.46,3.184,31.05666666666667,3.065,76,1.608
45,D,Guilbert,4.5,4.5,Aston Villa,0.0,0.0,0.0,0.0,0.0,0.0,0.0,0.0,0.0,0.0,0.0,0.0,0.0,0.0,0,0.0
46,F,Wesley,5.4,5.4,Aston Villa,0.0,0.0,0.0,0.0,0.0,0.0,0.0,0.0,0.0,0.0,0.0,0.0,0.0,0.0,0,0.0
47,F,Samatta,5.5,5.5,Aston Villa,0.0,0.0,0.0,0.0,0.0,0.0,0.0,0.0,0.0,0.0,0.0,0.0,0.0,0.0,0,0.0
48,F,Davis,4.5,4.5,Aston Villa,0.0,0.0,0.0,0.0,0.0,0.0,0.0,0.0,0.0,0.0,0.0,0.0,0.0,0.0,0,0.0
49,M,Douglas Luiz,4.4,4.4,Aston Villa,86.0,2.923,30.46666666666667,0.0,32.406666666666666,3.073,95.91,2.716,78.0,2.267,31.863333333333333,2.769,30.65333333333333,2.726,76,2.024
50,M,Ramsey,4.8,4.8,Aston Villa,80.0,3.633,85.0,0.0,91.0,3.798,89.0,3.248,73.0,2.688,86.0,3.2,85.0,3.311,71,2.335
51,D,Young,4.7,4.7,Aston Villa,7.0,0.299,3.3000000000000003,0.0,4.033333333333333,0.462,14.1,0.508,14.0,0.575,4.033333333333333,0.429,5.646666666666666,0.7280000000000001,13,0.458
52,M,Lallana,5.3,5.3,Brighton,58.0,2.715,60.0,0.0,56.0,2.394,30.025,2.18,3.0,0.079,29.415,2.838,31.08,2.2920000000000003,54,2.006
53,G,Steele,4.0,4.0,Brighton,0.0,0.0,0.0,0.0,2.0,0.084,1.165,0.087,0.0,0.0,0.555,0.054,1.11,0.0839999999999999,2,0.077
54,M,Groß,5.7,5.7,Brighton,25.0,1.614,26.0,0.0,31.0,1.755,17.095,1.61,2.0,0.057,18.315,2.273,18.315,1.725,34,1.648
55,D,Duffy,4.1,4.1,Brighton,9.0,0.452,12.0,0.0,15.0,0.589,10.49,0.5860000000000001,0.0,0.0,16.095,1.729,12.21,0.732,21,0.66
56,M,Pröpper,4.5,4.5,Brighton,0.0,0.0,0.0,0.0,0.0,0.0,0.0,0.0,0.0,0.0,0.0,0.0,0.0,0.0,0,0.0
57,D,Burn,4.4,4.4,Newcastle,82.0,2.02,82.0,0.0,31.496666666666663,3.328,87.0,1.484,26.6,0.959,29.686666666666667,2.155,30.906666666666663,3.435,73,2.518
58,D,Dunk,4.8,4.8,Brighton,87.0,4.177,84.0,0.0,87.0,3.197,45.065,2.241,5.0,0.072,42.735,4.271,41.625,2.244,78,2.168
59,M,March,5.3,5.3,Brighton,27.0,1.419,30.0,0.0,35.0,1.594,17.315,1.4089999999999998,2.0,0.049,19.425,1.926,20.535,1.626,37,1.52
60,D,Webster,4.4,4.4,Brighton,76.0,3.625,76.0,0.0,82.0,2.947,41.625,2.074,4.0,0.055,39.405,3.871,38.295,2.076,73,2.033
61,D,Veltman,4.2,4.2,Brighton,62.0,2.913,61.0,0.0,65.0,2.33,34.135,1.726,4.0,0.053,32.745,3.173,31.08,1.712,60,1.713
62,F,Maupay,6.6,6.6,Brighton,83.0,4.656,75.0,0.0,83.0,4.125,40.625,3.325,4.0,0.126,41.07,4.62,37.185,3.059,68,2.879
63,M,Trossard,6.0,6.0,Brighton,72.0,3.94,68.0,0.0,72.0,3.4720000000000004,35.905,2.891,4.0,0.122,34.41,3.765,34.965,2.826,63,2.607
64,G,Ryan,4.5,4.5,Brighton,0.0,0.0,0.0,0.0,0.0,0.0,0.0,0.0,0.0,0.0,0.0,0.0,0.0,0.0,0,0.0
65,M,Jahanbakhsh,5.5,5.5,Brighton,0.0,0.0,0.0,0.0,0.0,0.0,0.0,0.0,0.0,0.0,0.0,0.0,0.0,0.0,0,0.0
66,D,White,4.5,4.5,Arsenal,88.0,8.343,0.0,0.0,103.0,4.106,95.0,3.683,80.0,2.803,23.01,3.2540000000000004,23.6,3.929,79,2.747
67,D,Bernardo,4.0,4.0,Brighton,0.0,0.0,0.0,0.0,0.0,0.0,0.0,0.0,0.0,0.0,0.0,0.0,0.0,0.0,0,0.0
68,G,Sánchez,4.6,4.5,Brighton,90.0,4.194,89.0,0.0,94.0,3.936,48.785,3.614,5.0,0.177,49.395,4.71,48.285,3.639,88,3.337
69,M,Bissouma,4.4,4.4,Brighton,85.0,2.765,81.0,0.0,86.0,2.543,42.18,2.255,4.0,0.092,42.18,2.85,40.515,2.194,72,1.975
70,D,Lamptey,4.5,4.5,Brighton,73.0,3.978,74.0,0.0,75.0,3.135,38.24,2.247,4.0,0.064,37.74,4.205,41.625,2.408,62,2.076
71,F,Connolly,5.3,5.3,Brighton,0.0,0.0,0.0,0.0,0.0,0.0,0.0,0.0,0.0,0.0,0.0,0.0,0.0,0.0,0,0.0
72,M,Alzate,4.8,4.8,Brighton,3.0,0.137,3.0,0.0,6.0,0.273,4.44,0.366,0.0,0.0,6.105,0.611,5.55,0.464,12,0.559
73,M,Mac Allister,5.3,5.3,Brighton,59.0,3.259,54.0,0.0,55.0,2.713,30.025,2.477,3.0,0.087,28.86,3.21,26.64,2.25,52,2.222
74,M,Moder,4.5,4.5,Brighton,57.0,2.751,52.0,0.0,58.0,2.495,30.195,2.226,2.0,0.049,29.415,2.922,29.415,2.18,52,2.001
75,D,Jansson,4.5,4.5,Brentford,89.0,1.982,87.0,0.0,85.0,3.287,82.0,3.638,83.0,2.243,80.0,1.34,79.0,2.597,79,2.865
76,M,Nørgaard,5.0,5.0,Brentford,86.0,2.227,85.0,0.0,82.0,2.496,81.0,2.615,81.0,2.233,79.0,1.904,73.0,2.173,80,2.381
77,F,Toney,6.6,6.6,Brentford,45.0,1.657,69.0,0.0,81.0,3.842,79.0,4.237,79.0,3.535,77.0,2.582,76.0,3.62,76,3.73
78,M,Fosu,5.1,5.1,Brentford,0.0,0.0,0.0,0.0,0.0,0.0,0.0,0.0,0.0,0.0,0.0,0.0,0.0,0.0,0,0.0
79,G,Raya,4.3,4.3,Brentford,90.0,3.344,90.0,0.0,89.0,4.01,88.0,4.136,88.0,3.384,85.0,3.067,86.0,3.565,88,3.84
80,M,Canós,5.5,5.5,Brentford,70.0,2.395,66.0,0.0,66.0,2.683,66.0,2.937,63.0,2.403,65.0,2.035,64.0,2.522,62,2.531
81,M,Dasilva,5.3,5.3,Brentford,8.0,0.382,8.0,0.0,11.0,0.549,10.0,0.536,10.0,0.486,13.0,0.586,14.0,0.721,16,0.822
82,D,Henry,4.5,4.5,Brentford,76.0,1.98,74.0,0.0,72.0,3.081,71.0,3.41,69.0,2.157,68.0,1.392,68.0,2.526,67,2.72
83,M,Janelt,5.0,5.0,Brentford,77.0,2.284,68.0,0.0,66.0,2.341,64.0,2.441,64.0,2.109,63.0,1.808,60.0,2.087,61,2.171
84,M,Ghoddos,5.3,5.3,Brentford,13.0,0.637,14.0,0.0,9.0,0.477,11.0,0.645,13.0,0.677,14.0,0.639,19.0,0.996,18,0.958
85,M,Jensen,4.9,4.9,Brentford,32.0,1.336,29.0,0.0,30.0,1.423,35.0,1.757,30.0,1.356,35.0,1.317,36.0,1.612,35,1.606
86,D,Goode,3.9,3.9,Brentford,0.0,0.0,0.0,0.0,0.0,0.0,0.0,0.0,0.0,0.0,0.0,0.0,0.0,0.0,0,0.0
87,F,Forss,5.3,5.3,Brentford,0.0,0.0,0.0,0.0,0.0,0.0,0.0,0.0,0.0,0.0,0.0,0.0,0.0,0.0,0,0.0
88,D,Roerslev,4.3,4.3,Brentford,20.0,0.61,21.0,0.0,21.0,0.938,21.0,1.026,25.0,0.896,22.0,0.584,23.0,0.926,24,1.042
89,D,Sørensen,4.3,4.3,Brentford,7.0,0.2,10.0,0.0,7.0,0.279,13.0,0.574,12.0,0.355,15.0,0.313,16.0,0.559,13,0.495
90,D,Pinnock,4.5,4.5,Brentford,88.0,2.128,85.0,0.0,83.0,3.478,82.0,3.841,80.0,2.349,82.0,1.495,77.0,2.74,77,3.016
91,G,Balcombe,4.0,4.0,Brentford,0.0,0.0,0.0,0.0,0.0,0.0,0.0,0.0,0.0,0.0,0.0,0.0,0.0,0.0,0,0.0
92,M,Zamburek,4.4,4.4,Brentford,0.0,0.0,0.0,0.0,0.0,0.0,0.0,0.0,0.0,0.0,0.0,0.0,0.0,0.0,0,0.0
93,G,Gunnarsson,3.9,3.9,Brentford,0.0,0.0,0.0,0.0,0.0,0.0,0.0,0.0,0.0,0.0,0.0,0.0,0.0,0.0,0,0.0
94,F,Dervişoğlu,5.4,5.4,Brentford,0.0,0.0,0.0,0.0,0.0,0.0,0.0,0.0,0.0,0.0,0.0,0.0,0.0,0.0,0,0.0
95,M,Mbeumo,5.3,5.3,Brentford,86.0,3.376,80.0,0.0,76.0,3.744,77.0,4.221,76.0,3.415,74.0,2.58,73.0,3.535,71,3.559
96,M,Bidstrup,4.4,4.4,Brentford,0.0,0.0,0.0,0.0,0.0,0.0,0.0,0.0,0.0,0.0,0.0,0.0,0.0,0.0,0,0.0
97,D,Tarkowski,4.9,4.9,Burnley,89.0,5.176,57.0,0.0,100.46,2.214,98.02,3.155,41.5,1.377,33.346666666666664,1.773,33.346666666666664,3.486,77,1.777
98,D,Bardsley,3.9,3.9,Burnley,0.5,0.024,0.3333333333333333,0.0,1.11,0.02,1.11,0.027,0.5,0.009,0.8133333333333335,0.037,0.8133333333333335,0.06,2,0.042
99,D,Pieters,4.2,4.2,Burnley,62.0,3.814,23.33333333333333,0.0,21.54,0.5700000000000001,13.65,0.4629999999999999,7.0,0.205,8.133333333333333,0.551,6.506666666666668,0.7060000000000001,17,0.499
100,M,Cork,4.4,4.4,Burnley,30.0,2.123,20.33333333333333,0.0,37.96,1.195,44.4,1.457,17.5,0.544,13.420000000000002,1.2100000000000002,15.453333333333331,1.546,37,1.185
101,M,Stephens,4.4,4.4,Burnley,5.0,0.441,2.6666666666666665,0.0,5.1,0.1939999999999999,5.88,0.237,4.5,0.137,4.066666666666666,0.445,4.066666666666666,0.483,13,0.53
102,D,Long,4.0,4.0,Burnley,0.5,0.041,0.6666666666666666,0.0,3.11,0.097,2.22,0.087,0.5,0.016,0.8133333333333335,0.067,1.22,0.139,4,0.126
103,F,Rodriguez,5.2,5.2,Burnley,48.0,4.425,25.33333333333333,0.0,38.74,1.6450000000000002,36.41,1.6490000000000002,14.5,0.683,14.233333333333334,1.6799999999999995,13.013333333333335,1.868,34,1.501
104,F,Barnes,5.2,5.2,Burnley,10.0,1.083,4.666666666666667,0.0,6.55,0.311,4.55,0.233,2.5,0.11,1.626666666666667,0.211,2.033333333333333,0.325,6,0.306
105,D,Mee,4.8,4.8,Burnley,89.5,5.372,56.66666666666666,0.0,102.35,2.322,99.91,3.277,41.5,1.414,32.94,1.831,31.72,3.3800000000000003,77,1.827
106,M,Westwood,5.3,5.3,Burnley,87.0,5.019,57.333333333333336,0.0,97.02,2.594,96.8,2.849,40.0,1.251,32.126666666666665,2.51,31.72,2.991,73,2.048
107,M,Gudmundsson,5.4,5.4,Burnley,6.0,0.579,9.0,0.0,27.75,1.113,30.19,1.295,11.5,0.456,12.199999999999998,1.366,10.98,1.447,26,1.121
108,F,Wood,6.7,6.7,Newcastle,74.0,3.362,72.0,0.0,84.0,4.383,81.0,3.176,23.0,1.231,80.0,3.536,80.0,3.968,65,3.623
109,D,Lowton,4.4,4.4,Burnley,31.5,2.008,18.666666666666668,0.0,40.07,0.974,36.52,1.251,18.5,0.628,14.233333333333334,0.865,14.233333333333334,1.5670000000000002,32,0.831
110,F,Vydra,5.2,5.2,Burnley,0.0,0.0,1.3333333333333333,0.0,7.21,0.346,16.76,0.857,9.5,0.471,7.32,0.995,8.54,1.37,22,1.115
111,G,Pope,5.4,5.4,Burnley,90.0,6.970000000000001,59.333333333333336,0.0,105.68,3.863,104.68,4.2010000000000005,44.0,1.791,35.379999999999995,3.858,34.56666666666666,4.321,85,3.135
112,D,Taylor,4.4,4.4,Burnley,28.0,1.631,37.0,0.0,84.47,1.924,94.25,2.993,38.5,1.259,29.28,1.6389999999999998,31.313333333333333,3.235,74,1.729
113,G,Norris,4.4,4.4,Burnley,0.0,0.0,0.0,0.0,1.11,0.0399999999999999,1.0,0.04,0.0,0.0,0.8133333333333335,0.0889999999999999,0.8133333333333335,0.101,2,0.074
114,M,Brownhill,4.3,4.3,Burnley,70.5,4.463,43.66666666666666,0.0,78.49,2.28,73.27,2.3470000000000004,32.0,1.076,26.02666666666667,2.1630000000000003,24.80666666666666,2.497,62,1.869
115,M,Benson,4.5,4.5,Burnley,0.0,0.0,0.0,0.0,0.0,0.0,0.0,0.0,0.0,0.0,0.0,0.0,0.0,0.0,0,0.0
116,G,Peacock-Farrell,4.5,4.5,Burnley,0.0,0.0,0.0,0.0,0.0,0.0,0.0,0.0,0.0,0.0,0.0,0.0,0.0,0.0,0,0.0
117,M,McNeil,5.7,5.7,Burnley,84.0,5.863,53.0,0.0,93.91,3.008,92.36,3.251,39.0,1.484,29.686666666666667,2.726,29.686666666666667,3.335,74,2.457
118,D,Azpilicueta,5.6,5.6,Chelsea,67.0,3.447,0.0,0.0,48.68,2.686,20.89,2.486,4.0,0.206,20.4,2.482,23.46,2.305,39,1.965
119,F,Giroud,6.5,6.5,Chelsea,0.0,0.0,0.0,0.0,0.0,0.0,0.0,0.0,0.0,0.0,0.0,0.0,0.0,0.0,0,0.0
120,D,Thiago Silva,5.6,5.6,Chelsea,86.0,3.933,0.0,0.0,89.64,4.5280000000000005,41.31,4.369,9.0,0.473,38.25,4.2700000000000005,38.76,3.404,74,3.302
121,D,Alonso,5.6,5.6,Chelsea,48.0,2.936,0.0,0.0,51.96,3.3360000000000003,20.42,2.891,4.0,0.237,22.95,3.2630000000000003,19.38,2.269,45,2.694
122,M,Jorginho,5.8,5.8,Chelsea,60.0,2.518,0.0,0.0,70.14,3.088,29.61,2.896,6.0,0.254,31.11,2.954,28.05,2.391,52,2.298
123,M,Barkley,5.2,5.2,Chelsea,0.0,0.0,0.0,0.0,1.04,0.053,0.52,0.061,0.0,0.0,1.02,0.111,1.02,0.105,2,0.108
124,M,Kovacic,5.0,5.0,Chelsea,18.0,0.848,0.0,0.0,23.5,1.092,10.73,1.087,3.0,0.101,12.75,1.227,10.71,0.985,26,1.197
125,F,Batshuayi,5.5,5.5,Chelsea,0.0,0.0,0.0,0.0,0.0,0.0,0.0,0.0,0.0,0.0,0.0,0.0,0.0,0.0,0,0.0
126,D,Rüdiger,6.1,6.1,Chelsea,89.0,4.074,0.0,0.0,94.68,4.776999999999999,41.31,4.463,9.0,0.477,39.27,4.416,38.76,3.424,77,3.447
127,D,Zouma,5.4,5.4,West Ham,47.0,2.066,64.0,0.0,61.0,1.085,57.0,2.315,7.0,0.191,60.0,2.607,61.0,2.429,58,2.804
128,G,Arrizabalaga,4.7,4.7,Chelsea,0.0,0.0,0.0,0.0,2.04,0.099,1.02,0.101,0.0,0.0,1.02,0.105,1.53,0.137,2,0.089
129,M,Kanté,4.9,4.9,Chelsea,76.0,2.675,0.0,0.0,85.44,3.127,36.2,2.825,7.0,0.251,33.15,2.6260000000000003,36.72,2.5460000000000003,67,2.407
130,M,Ziyech,7.3,7.3,Chelsea,16.0,1.022,0.0,0.0,16.24,1.026,7.62,1.103,1.0,0.041,7.14,0.996,6.12,0.78,16,1.053
131,M,Loftus-Cheek,5.4,5.4,Chelsea,44.0,2.0,0.0,0.0,48.86,2.297,21.44,2.203,5.0,0.203,23.46,2.35,23.46,2.11,44,2.052
132,D,Christensen,4.6,4.6,Chelsea,31.0,1.454,0.0,0.0,33.5,1.662,12.78,1.331,3.0,0.136,15.81,1.737,16.83,1.503,35,1.579
133,F,Werner,8.6,8.6,Chelsea,47.0,2.673,0.0,0.0,49.9,3.0740000000000003,22.46,3.153,5.0,0.277,22.44,2.99,22.95,2.728,43,2.717
134,D,Chilwell,5.6,5.6,Chelsea,0.0,0.0,0.0,0.0,0.0,0.0,0.0,0.0,0.0,0.0,0.0,0.0,0.0,0.0,0,0.0
135,F,Abraham,6.5,6.5,Chelsea,0.0,0.0,0.0,0.0,0.0,0.0,0.0,0.0,0.0,0.0,0.0,0.0,0.0,0.0,0,0.0
136,M,Pulisic,7.9,7.9,Chelsea,18.0,1.059,0.0,0.0,20.38,1.263,9.68,1.358,1.0,0.044,13.26,1.729,10.71,1.301,24,1.513
137,M,Mount,7.5,7.5,Chelsea,59.0,3.415,0.0,0.0,86.46,5.315,36.72,5.159,8.0,0.49,36.72,4.844,36.21,4.268,70,4.351
138,D,Ampadu,4.5,4.5,Chelsea,0.0,0.0,0.0,0.0,0.0,0.0,0.0,0.0,0.0,0.0,0.0,0.0,0.0,0.0,0,0.0
139,M,Hudson-Odoi,5.3,5.3,Chelsea,34.0,1.944,0.0,0.0,34.64,2.094,15.31,2.092,3.0,0.147,16.32,2.097,16.83,1.952,29,1.792
140,M,Havertz,7.8,7.8,Chelsea,57.0,3.317,0.0,0.0,62.02,3.864,29.04,4.146,5.0,0.289,24.99,3.445,28.05,3.369,50,3.182
141,D,James,6.2,6.2,Chelsea,15.0,0.848,0.0,0.0,68.0,4.205,63.0,4.279,6.0,0.374,61.0,4.186,60.0,3.3030000000000004,58,3.24
142,G,Mendy,6.1,6.1,Chelsea,90.0,4.123,0.0,0.0,102.76,4.932,44.88,4.421,10.0,0.495,44.88,4.593,43.86,3.901,88,3.911
143,M,Gallagher,6.2,6.2,Crystal Palace,0.0,0.0,81.0,0.0,82.0,3.125,80.0,2.539,28.0,1.195,75.0,3.015,74.0,3.06,75,3.107
144,M,Gilmour,4.3,4.3,Norwich,71.0,1.857,66.0,0.0,35.96,2.405,32.96,2.059,7.0,0.181,31.61,1.922,31.61,2.191,58,1.652
145,G,Guaita,4.6,4.6,Crystal Palace,90.0,7.147,89.0,0.0,89.0,3.63,88.0,3.144,30.45,1.239,85.0,3.322,87.0,3.315,85,3.389
146,D,Tomkins,4.3,4.3,Crystal Palace,3.0,0.204,11.0,0.0,13.0,0.489,13.0,0.347,4.199999999999999,0.115,15.0,0.543,16.0,0.557,13,0.487
147,M,McArthur,4.3,4.3,Crystal Palace,45.5,3.593,39.0,0.0,38.0,1.444,42.0,1.401,15.05,0.5,39.0,1.484,46.0,1.699,46,1.734
148,F,Benteke,6.1,6.1,Crystal Palace,3.5,0.439,4.0,0.0,7.0,0.408,7.0,0.37,2.8,0.127,7.0,0.419,10.0,0.629,8,0.499
149,D,Kouyaté,4.5,4.5,Crystal Palace,85.0,5.721,78.0,0.0,74.0,2.722,73.0,1.559,25.2,0.898,74.0,2.471,70.0,2.211,67,2.39
150,D,Kelly,3.9,3.9,Crystal Palace,0.5,0.038,2.0,0.0,3.0,0.107,3.0,0.082,1.4,0.032,3.0,0.104,4.0,0.135,3,0.107
151,M,Milivojevic,5.3,5.3,Crystal Palace,10.5,1.021,8.0,0.0,7.0,0.334,10.0,0.435,2.8,0.089,11.0,0.529,10.0,0.492,11,0.544
152,F,Ayew,5.8,5.8,Crystal Palace,38.5,3.574,32.0,0.0,38.0,1.639,36.0,1.412,12.6,0.508,42.0,1.862,35.0,1.637,40,1.854
153,M,Zaha,6.8,6.8,Crystal Palace,86.0,8.643,82.0,0.0,79.0,3.677,79.0,2.955,27.65,1.464,77.0,3.793,81.0,4.054,74,3.822
154,M,Schlupp,5.4,5.4,Crystal Palace,39.0,3.454,23.0,0.0,25.0,1.125,24.0,0.987,8.049999999999999,0.285,25.0,1.155,25.0,1.159,23,1.102
155,G,Butland,4.4,4.4,Crystal Palace,0.0,0.0,1.0,0.0,1.0,0.041,1.0,0.036,1.0499999999999998,0.043,4.0,0.157,3.0,0.116,5,0.201
156,M,Riedewald,4.7,4.7,Crystal Palace,1.5,0.137,2.0,0.0,1.0,0.045,3.0,0.131,0.7,0.017,4.0,0.179,4.0,0.181,4,0.181
157,D,Jach,4.3,4.3,Crystal Palace,0.5,0.048,3.0,0.0,2.0,0.086,2.0,0.065,1.75,0.049,2.0,0.082,2.0,0.08,3,0.12
158,F,Mateta,5.2,5.2,Crystal Palace,38.0,4.017,41.0,0.0,34.0,1.701,38.0,1.627,12.95,0.618,33.0,1.745,33.0,1.8,37,1.971
159,M,Eze,5.9,5.9,Crystal Palace,28.0,3.072,8.0,0.0,9.0,0.496,10.0,0.499,3.5,0.148,15.0,0.849,11.0,0.637,12,0.71
160,D,Ferguson,4.5,4.5,Crystal Palace,0.0,0.0,0.0,0.0,0.0,0.0,0.0,0.0,0.0,0.0,4.0,0.118,8.0,0.225,11,0.346
161,D,Mitchell,4.5,4.5,Crystal Palace,89.0,5.616,84.0,0.0,82.0,2.757,81.0,1.554,29.4,0.949,78.0,2.383,79.0,2.205,78,2.464
162,M,Delph,4.3,4.3,Everton,1.0,0.036,5.0,0.0,6.01,0.214,4.15,0.161,1.0,0.017,2.2925,0.315,2.620000000000001,0.369,7,0.292
163,M,Sigurdsson,6.7,6.7,Everton,0.0,0.0,0.0,0.0,0.0,0.0,0.0,0.0,0.0,0.0,0.0,0.0,0.0,0.0,0,0.0
164,D,Coleman,4.9,4.9,Everton,86.0,2.595,80.0,0.0,98.84,2.69,94.28,3.858,18.0,0.682,25.2175,2.9840000000000004,23.2525,2.958,74,2.895
165,M,James,6.9,6.9,Everton,0.0,0.0,0.0,0.0,0.0,0.0,0.0,0.0,0.0,0.0,0.0,0.0,0.0,0.0,0,0.0
166,M,Bernard,5.5,5.5,Everton,0.0,0.0,0.0,0.0,0.0,0.0,0.0,0.0,0.0,0.0,0.0,0.0,0.0,0.0,0,0.0
167,D,Digne,5.1,5.1,Aston Villa,89.0,4.487,31.166666666666668,0.0,33.913333333333334,4.224,99.24,3.115,82.0,2.72,33.47666666666667,3.675,31.46,3.479,80,1.857
168,D,Keane,4.8,4.8,Everton,89.0,2.561,86.0,0.0,103.87,2.733,97.55,3.87,20.0,0.729,26.5275,2.987,25.8725,3.082,75,2.815
169,G,Pickford,4.9,4.9,Everton,90.0,3.405,89.0,0.0,107.32,3.991,105.61,4.54,21.0,0.868,28.820000000000004,4.359,28.4925,4.357,88,3.653
170,M,Allan,4.3,4.3,Everton,67.0,2.025,64.0,0.0,70.56,2.047,59.32,1.93,10.0,0.302,16.7025,1.99,15.72,1.911,48,1.598
171,M,André Gomes,4.9,4.9,Everton,32.0,1.257,31.0,0.0,26.87,0.985,19.54,0.8170000000000001,4.0,0.107,5.567500000000001,0.8230000000000001,5.567500000000001,0.8270000000000001,16,0.699
172,M,Doucouré,5.3,5.3,Everton,0.0,0.0,15.0,0.0,62.93000000000001,2.027,87.43,3.1,20.0,0.72,25.545,3.3830000000000005,23.9075,3.27,78,2.857
173,M,Iwobi,5.8,5.8,Everton,18.0,0.943,15.0,0.0,17.04,0.806,13.42,0.6990000000000001,2.0,0.066,5.567500000000001,1.016,5.240000000000001,0.9740000000000002,22,1.172
174,D,Mina,4.9,4.9,Everton,0.0,0.0,0.0,0.0,0.0,0.0,0.0,0.0,0.0,0.0,4.585,0.527,7.86,0.98,47,1.831
175,M,Davies,4.8,4.8,Everton,0.0,0.0,0.0,0.0,0.0,0.0,0.0,0.0,0.0,0.0,0.0,0.0,0.0,0.0,0,0.0
176,F,Calvert-Lewin,7.9,7.9,Everton,86.0,4.083,82.0,0.0,92.11,4.005,92.22,4.524000000000001,18.0,0.923,24.89,4.509,24.89,4.702999999999999,76,3.934
177,D,Holgate,4.2,4.2,Everton,84.0,2.136,83.0,0.0,93.34,2.177,83.31,2.9599999999999995,17.0,0.552,20.305,2.038,18.0125,1.9,54,1.803
178,D,Godfrey,4.7,4.7,Everton,0.0,0.0,0.0,0.0,24.09,0.63,48.32,1.826,14.0,0.474,18.34,1.965,19.3225,2.2,47,1.693
179,F,Richarlison,7.5,7.5,Everton,81.0,3.534,79.0,0.0,93.0,3.791,90.0,4.162,18.0,0.854,95.0,4.021999999999999,92.0,4.146,72,3.435
180,G,Virgínia,4.0,4.0,Everton,0.0,0.0,0.0,0.0,0.0,0.0,0.0,0.0,0.0,0.0,0.0,0.0,0.0,0.0,0,0.0
181,M,Hernández,5.5,5.5,Leeds,0.0,0.0,0.0,0.0,0.0,0.0,0.0,0.0,0.0,0.0,0.0,0.0,0.0,0.0,0,0.0
182,G,Casilla,4.5,4.5,Leeds,0.0,0.0,0.0,0.0,0.0,0.0,0.0,0.0,0.0,0.0,0.0,0.0,0.0,0.0,0,0.0
183,D,Cooper,4.4,4.4,Leeds,0.0,0.0,2.75,0.0,17.05,0.858,59.0,2.526,80.0,2.321,42.9,2.801,42.9,2.824,75,1.524
184,D,Ayling,4.3,4.3,Leeds,88.5,3.357,47.3,0.0,44.6,2.397,89.0,3.947,80.0,2.441,42.35,2.971,41.25,2.938,76,1.651
185,M,Klich,5.2,5.2,Leeds,55.5,4.13,31.0,0.0,27.8,2.31,47.0,2.267,48.0,1.91,26.4,2.414,26.95,2.36,41,1.579
186,F,Rodrigo,6.2,6.2,Leeds,144.0,5.3580000000000005,78.0,0.0,75.0,3.204,74.0,3.609,66.0,2.525,71.0,3.366,71.0,3.232,64,2.361
187,M,Dallas,4.9,4.9,Leeds,66.0,3.71,39.95,0.0,37.95,2.4200000000000004,74.0,2.748,67.0,2.053,33.0,2.196,33.55,2.223,63,1.863
188,F,Bamford,7.7,7.7,Leeds,4.0,0.291,8.0,0.0,15.0,0.985,21.0,1.541,19.0,1.091,20.0,1.427,20.0,1.364,18,0.976
189,D,Llorente,4.5,4.5,Leeds,87.5,2.933,46.75,0.0,45.65,2.174,86.0,3.58,76.0,2.186,42.35,2.708,42.35,2.758,79,1.497
190,M,Phillips,4.7,4.7,Leeds,0.0,0.0,1.75,0.0,15.15,0.842,65.0,2.026,80.0,2.107,40.7,2.388,45.1,2.536,78,1.92
191,M,Costa,5.4,5.4,Leeds,0.0,0.0,0.0,0.0,0.0,0.0,0.0,0.0,0.0,0.0,0.0,0.0,0.0,0.0,0,0.0
192,M,Roberts,4.8,4.8,Leeds,30.0,2.698,14.45,0.0,14.8,1.438,26.0,1.47,26.0,1.229,12.65,1.367,13.75,1.443,27,1.207
193,D,Koch,4.3,4.3,Leeds,76.5,2.91,36.15,0.0,31.2,1.619,42.0,1.897,23.0,0.736,14.3,1.021,12.65,0.913,28,0.657
194,M,Poveda,4.5,4.5,Leeds,0.0,0.0,0.0,0.0,0.0,0.0,0.0,0.0,0.0,0.0,0.0,0.0,0.0,0.0,0,0.0
195,M,Raphinha,6.5,6.5,Leeds,84.5,7.724,44.1,0.0,44.5,4.649,88.0,5.523,79.0,3.562,43.45,5.05,41.8,4.687,71,3.024
196,M,Shackleton,4.4,4.4,Leeds,16.5,1.376,12.3,0.0,9.55,0.8180000000000001,15.0,0.72,17.0,0.735,9.9,0.878,9.35,0.8200000000000001,16,0.681
197,D,Struijk,4.3,4.3,Leeds,85.0,3.0570000000000004,42.45,0.0,31.05,1.601,41.0,1.814,28.0,0.926,18.7,1.3370000000000002,17.6,1.281,34,0.817
198,G,Meslier,4.8,4.8,Leeds,90.0,6.554,48.45,0.0,48.9,3.622,95.0,4.227,86.0,3.352,47.85,3.838,47.3,3.865,88,3.154
199,G,Schmeichel,4.8,4.8,Leicester,90.0,3.634,89.0,0.0,23.7725,3.867,23.75,3.441,87.0,3.831,34.22,3.767,34.61333333333334,4.313,87,3.398
200,D,Evans,5.4,5.4,Leicester,0.0,0.0,0.0,0.0,0.0,0.0,0.0,0.0,0.0,0.0,10.62,0.7150000000000001,19.666666666666668,2.153,67,2.094
201,M,Albrighton,5.2,5.2,Leicester,12.0,0.562,22.0,0.0,5.6525,1.15,6.340000000000001,1.0839999999999996,14.0,0.716,7.473333333333334,0.96,8.653333333333334,1.234,23,1.097
202,M,Mendy,4.3,4.3,Leicester,2.0,0.086,3.0,0.0,1.3325,0.223,1.0975,0.172,5.0,0.216,1.18,0.136,1.5733333333333337,0.183,7,0.294
203,G,Ward,4.0,4.0,Leicester,0.0,0.0,0.0,0.0,0.27,0.044,0.0225,0.003,1.0,0.044,0.3933333333333333,0.043,0.3933333333333333,0.049,1,0.039
204,F,Vardy,10.3,10.3,Leicester,0.0,0.0,8.0,0.0,5.02,1.321,10.315,1.952,47.0,2.909,19.27333333333333,2.786,19.27333333333333,3.497,45,2.604
205,M,Praet,4.9,4.9,Leicester,0.0,0.0,0.0,0.0,0.0,0.0,0.0,0.0,0.0,0.0,0.0,0.0,0.0,0.0,0,0.0
206,D,Pereira,5.2,5.2,Leicester,61.0,2.261,60.0,0.0,16.6875,2.697,15.8325,1.619,52.0,2.469,14.553333333333333,1.22,16.52,2.081,35,1.328
207,D,Amartey,3.8,3.8,Leicester,83.0,2.691,75.0,0.0,19.2025,2.692,19.1675,1.694,71.0,2.936,24.386666666666667,1.642,20.453333333333333,2.202,49,1.513
208,D,Castagne,5.3,5.3,Leicester,0.0,0.0,0.0,0.0,0.0,0.0,1.99,0.177,26.0,1.108,28.320000000000004,2.005,25.566666666666663,2.864,67,2.158
209,M,Tielemans,6.4,6.4,Leicester,86.0,3.431,81.0,0.0,21.8575,4.3340000000000005,20.825000000000003,2.966,76.0,3.502,30.286666666666672,3.277,29.5,3.975,73,3.102
210,M,Pérez,5.7,5.7,Leicester,6.0,0.32,6.0,0.0,1.3525,0.327,1.6475,0.332,6.0,0.367,1.9666666666666668,0.297,2.7533333333333334,0.47,6,0.372
211,M,Maddison,6.9,6.9,Leicester,80.0,3.843,78.0,0.0,81.0,5.124,80.0,3.552,73.0,4.37,84.0,3.858,83.0,4.905,71,3.868
212,F,Iheanacho,6.9,6.9,Leicester,21.0,1.246,20.0,0.0,6.38,1.7839999999999998,3.5125,0.789,12.0,0.841,3.9333333333333336,0.659,3.9333333333333336,0.796,14,0.926
213,M,Choudhury,4.4,4.4,Leicester,3.0,0.119,6.0,0.0,1.63,0.273,2.1325000000000003,0.338,9.0,0.402,2.36,0.264,2.36,0.277,9,0.391
214,M,Barnes,6.5,6.5,Leicester,53.0,2.716,59.0,0.0,15.3325,3.817,14.125,2.628,55.0,3.313,19.666666666666668,2.766,20.846666666666664,3.614,51,2.832
215,M,Ndidi,4.8,4.8,Leicester,86.0,2.336,85.0,0.0,22.385,2.682,21.82,2.206,83.0,2.524,29.89333333333333,2.323,29.5,2.645,76,2.162
216,D,Söyüncü,4.9,4.9,Leicester,68.0,2.199,64.0,0.0,16.48,2.2829999999999995,16.98,1.478,59.0,2.408,18.88,1.263,18.093333333333334,1.943,41,1.276
217,D,Justin,4.9,4.9,Leicester,30.0,1.146,35.0,0.0,8.692499999999999,1.4469999999999998,8.964999999999998,0.987,34.0,1.598,10.226666666666668,0.8599999999999999,9.833333333333334,1.214,25,0.932
218,D,Thomas,4.3,4.3,Leicester,87.0,2.852,82.0,0.0,22.6575,3.139,21.2675,1.896,67.0,2.841,19.666666666666668,1.392,20.453333333333333,2.272,53,1.683
219,D,Fofana,4.3,4.3,Leicester,0.0,0.0,6.0,0.0,3.0325,0.423,3.245,0.313,16.0,0.66,5.900000000000001,0.413,4.326666666666667,0.4600000000000001,5,0.178
220,M,Milner,4.9,4.9,Liverpool,2.0,0.187,0.0,0.0,5.0,0.273,6.0,0.299,0.0,0.0,4.2,0.494,5.775,0.504,8,0.417
221,M,Henderson,5.0,5.0,Liverpool,64.0,6.025,0.0,0.0,60.0,2.577,68.0,2.734,6.0,0.223,28.875,2.758,28.35,1.836,59,2.396
222,G,Adrián,4.3,4.3,Liverpool,0.0,0.0,0.0,0.0,0.0,0.0,1.0,0.046,0.0,0.0,0.525,0.053,0.0,0.0,1,0.045
223,D,Matip,4.9,4.9,Liverpool,138.0,7.891999999999999,0.0,0.0,66.0,3.325,72.0,3.358,7.0,0.312,66.0,3.851,65.0,1.75,61,2.811
224,M,Thiago,5.3,5.3,Liverpool,45.5,4.377000000000001,0.0,0.0,46.0,2.035,53.0,2.14,5.0,0.174,24.15,2.332,26.25,1.736,45,1.884
225,M,Shaqiri,5.9,5.9,Liverpool,0.0,0.0,0.0,0.0,0.0,0.0,0.0,0.0,0.0,0.0,0.0,0.0,0.0,0.0,0,0.0
226,M,Chamberlain,5.8,5.8,Liverpool,2.5,0.261,0.0,0.0,7.0,0.372,8.0,0.411,0.0,0.0,4.725,0.539,5.25,0.456,10,0.511
227,F,Firmino,8.7,8.7,Liverpool,39.5,5.192,0.0,0.0,42.0,2.472,50.0,2.589,6.0,0.29,23.625,3.1140000000000003,21.0,1.794,44,2.44
228,D,van Dijk,6.7,6.7,Liverpool,89.0,10.131,0.0,0.0,85.0,4.273,92.0,4.306,10.0,0.453,42.525,4.9430000000000005,42.525,2.283,79,3.651
229,M,Mané,11.7,11.7,Liverpool,144.0,11.69,0.0,0.0,69.0,4.84,76.0,4.646000000000001,7.0,0.498,68.0,5.723,68.0,2.936,64,4.11
230,G,Alisson,6.0,6.0,Liverpool,90.0,9.219,0.0,0.0,89.0,4.262,98.0,4.568,10.0,0.454,45.675,4.745,45.675,3.485,87,3.968
231,M,Fabinho,5.4,5.4,Liverpool,85.5,6.674,0.0,0.0,81.0,2.938,87.0,2.964,9.0,0.306,40.95,3.403,39.9,2.183,78,2.649
232,M,Salah,13.0,13.0,Liverpool,86.5,18.429,0.0,0.0,81.0,7.361,88.0,6.841,9.0,0.741,40.425,8.806999999999999,40.425,4.17,79,6.472
233,D,Robertson,7.1,7.1,Liverpool,84.0,11.338,0.0,0.0,82.0,4.808,86.0,4.619,9.0,0.474,42.525,5.813000000000001,40.95,2.439,75,3.992
234,F,Origi,4.8,4.8,Liverpool,0.0,0.0,0.0,0.0,0.0,0.0,0.0,0.0,0.0,0.0,0.0,0.0,0.525,0.055,1,0.068
235,M,Minamino,5.1,5.1,Liverpool,3.0,0.42,0.0,0.0,6.0,0.398,6.0,0.367,1.0,0.042,5.775,0.882,5.25,0.532,9,0.593
236,D,Alexander-Arnold,8.5,8.0,Liverpool,89.0,13.217,0.0,0.0,85.0,5.472,93.0,5.378,9.0,0.525,43.05,6.528,41.475,2.671,79,4.578
237,D,Gomez,4.7,4.7,Liverpool,0.0,0.0,0.0,0.0,1.0,0.031,2.0,0.062,0.0,0.0,1.575,0.109,1.575,0.07,5,0.163
238,M,Keita,5.0,5.0,Liverpool,49.0,5.2940000000000005,0.0,0.0,46.0,2.265,49.0,2.189,5.0,0.197,24.675,2.689,26.775,1.872,47,2.145
239,M,Jota,8.5,8.0,Liverpool,154.0,11.973,0.0,0.0,73.0,4.989,80.0,4.803,8.0,0.514,72.0,5.849,71.0,3.019,68,4.288
240,D,Phillips,4.2,4.2,Liverpool,0.0,0.0,0.0,0.0,0.0,0.0,0.0,0.0,0.0,0.0,0.0,0.0,0.0,0.0,0,0.0
241,G,Kelleher,4.3,4.3,Liverpool,0.0,0.0,0.0,0.0,1.0,0.048,1.0,0.047,0.0,0.0,0.525,0.054,1.575,0.119,1,0.046
242,D,Konaté,5.1,5.1,Liverpool,8.5,0.714,0.0,0.0,17.0,0.766,27.0,1.211,3.0,0.113,11.55,1.231,15.225,0.872,26,1.173
243,M,Jones,5.0,5.0,Liverpool,17.5,1.88,0.0,0.0,22.0,1.087,24.0,1.09,1.0,0.025,13.65,1.43,12.075,0.959,25,1.169
244,D,Tsimikas,3.7,3.7,Liverpool,6.0,0.6719999999999999,0.0,0.0,9.0,0.47,12.0,0.607,1.0,0.033,4.725,0.552,6.3,0.42,13,0.658
245,D,N.Williams,3.8,3.8,Liverpool,0.0,0.0,0.0,0.0,0.0,0.0,0.0,0.0,0.0,0.0,0.0,0.0,0.0,0.0,0,0.0
246,D,R.Williams,4.4,4.4,Liverpool,0.0,0.0,0.0,0.0,0.0,0.0,0.0,0.0,0.0,0.0,0.0,0.0,0.0,0.0,0,0.0
247,D,Davies,4.0,4.0,Liverpool,0.0,0.0,0.0,0.0,0.0,0.0,0.0,0.0,0.0,0.0,0.0,0.0,0.0,0.0,0,0.0
248,D,Walker,5.4,5.4,Man City,71.0,3.687,71.0,0.0,65.0,3.187,66.0,3.351,4.0,0.217,67.0,3.712,65.0,2.727,57,2.981
249,M,Gündogan,7.2,7.2,Man City,37.0,2.255,40.0,0.0,41.0,2.457,43.0,2.483,2.0,0.103,41.0,2.519,50.0,2.5,49,2.708
250,M,De Bruyne,12.1,12.1,Man City,79.0,5.155,79.0,0.0,74.0,4.691,72.0,4.501,4.0,0.267,74.0,4.971,70.0,3.853,65,3.858
251,D,Stones,5.2,5.2,Man City,20.0,1.078,32.0,0.0,32.0,1.696,32.0,1.744,2.0,0.113,36.0,2.132,34.0,1.553,30,1.718
252,D,Mendy,5.2,5.2,Man City,0.0,0.0,0.0,0.0,0.0,0.0,0.0,0.0,0.0,0.0,0.0,0.0,0.0,0.0,0,0.0
253,M,Mahrez,8.7,8.7,Man City,66.0,5.228,64.0,0.0,63.0,4.829,62.0,4.668,4.0,0.341,60.0,4.906,59.0,3.875,58,4.122
254,M,Sterling,10.7,10.7,Man City,68.0,5.127,66.0,0.0,65.0,4.755,64.0,4.61,4.0,0.336,62.0,4.856,61.0,3.813,60,4.064
255,D,Cancelo,7.2,6.7,Man City,77.0,4.735,75.0,0.0,73.0,4.232,72.0,4.276,4.0,0.259,69.0,4.531,68.0,3.297,68,4.113
256,G,Ederson,6.1,6.1,Man City,90.0,4.499,89.0,0.0,88.0,4.259,88.0,4.359,5.0,0.264,86.0,4.495,86.0,3.844,86,4.419
257,D,Aké,4.7,4.7,Man City,6.0,0.265,10.0,0.0,13.0,0.626,13.0,0.65,0.0,0.0,18.0,1.029,17.0,0.766,18,0.984
258,D,Laporte,5.8,5.8,Man City,77.0,4.423,75.0,0.0,73.0,3.946,72.0,3.994,4.0,0.239,69.0,4.199,68.0,3.103,68,3.91
259,G,Steffen,4.4,4.4,Man City,0.0,0.0,1.0,0.0,1.0,0.048,1.0,0.05,0.0,0.0,2.0,0.104,4.0,0.178,3,0.154
260,M,Bernardo,7.3,7.3,Man City,68.0,3.414,63.0,0.0,64.0,3.089,63.0,3.027,4.0,0.2,63.0,3.285,59.0,2.547,63,2.947
261,D,Dias,6.3,6.3,Man City,79.0,4.363,76.0,0.0,74.0,3.856,74.0,3.954,4.0,0.23,66.0,3.866,70.0,3.087,69,3.817
262,F,Jesus,8.5,8.5,Man City,28.0,1.805,48.0,0.0,53.0,3.224,48.0,2.92,3.0,0.177,46.0,2.99,55.0,2.932,49,2.729
263,D,Zinchenko,5.3,5.3,Man City,24.0,1.299,25.0,0.0,31.0,1.651,31.0,1.696,2.0,0.107,30.0,1.775,32.0,1.482,39,2.184
264,M,Foden,8.0,8.0,Man City,78.0,5.344,76.0,0.0,74.0,4.849,73.0,4.737,4.0,0.348,70.0,4.94,69.0,3.93,69,4.209
265,M,Rodrigo,5.5,5.5,Man City,87.0,3.255,82.0,0.0,82.0,3.01,83.0,2.999,4.0,0.154,79.0,3.069,75.0,2.502,76,2.747
266,M,Harrison,5.5,5.5,Leeds,81.5,5.71,42.2,0.0,41.05,3.288,79.0,3.803,70.0,2.688,37.95,3.448,35.2,3.145,71,2.508
267,M,Torres,6.7,6.7,Man City,0.0,0.0,0.0,0.0,0.0,0.0,0.0,0.0,0.0,0.0,0.0,0.0,0.0,0.0,0,0.0
268,F,Cavani,8.4,8.4,Man Utd,11.0,0.752,17.0,0.0,19.0,0.912,24.0,1.508,3.0,0.104,25.0,1.724,24.0,1.498,26,1.837
269,G,de Gea,5.3,5.3,Man Utd,90.0,3.763,88.0,0.0,88.0,3.167,87.0,3.748,10.0,0.362,87.0,3.813,85.0,3.642,86,4.292
270,M,Matic,4.3,4.3,Man Utd,5.0,0.193,12.0,0.0,13.0,0.456,21.0,0.803,1.0,0.02,21.0,0.837,21.0,0.793,21,0.877
271,M,Pogba,7.4,7.4,Man Utd,81.0,3.151,76.0,0.0,73.0,2.135,66.0,2.786,7.0,0.211,64.0,2.979,66.0,2.779,60,3.068
272,D,Maguire,5.4,5.4,Man Utd,88.0,3.151,86.0,0.0,83.0,1.4,84.0,3.171,9.0,0.175,82.0,3.368,80.0,2.977,78,4.031
273,M,Fred,4.9,4.9,Man Utd,12.0,0.434,30.0,0.0,43.0,1.252,48.0,1.648,4.0,0.096,46.0,1.677,49.0,1.664,48,1.863
274,D,Shaw,5.0,5.0,Man Utd,78.0,3.323,61.0,0.0,64.0,1.304,62.0,2.757,6.0,0.13,63.0,3.117,56.0,2.459,59,3.549
275,M,Lingard,6.7,6.7,Man Utd,29.0,1.605,33.0,0.0,33.0,1.336,34.0,1.827,3.0,0.093,37.0,2.176,35.0,1.851,35,2.181
276,M,Fernandes,11.7,11.6,Man Utd,86.0,4.175,84.0,0.0,82.0,2.605,81.0,3.894,9.0,0.325,78.0,4.299,77.0,3.797,76,4.541
277,F,Martial,7.6,7.6,Man Utd,0.0,0.0,0.0,0.0,0.0,0.0,0.0,0.0,0.0,0.0,0.0,0.0,0.0,0.0,0,0.0
278,D,Telles,5.0,5.0,Man Utd,12.0,0.508,29.0,0.0,26.0,0.67,27.0,1.331,3.0,0.067,28.0,1.504,33.0,1.597,29,1.846
279,G,Henderson,4.7,4.7,Man Utd,0.0,0.0,1.0,0.0,1.0,0.036,0.0,0.0,0.0,0.0,1.0,0.044,2.0,0.085,3,0.148
280,M,Rashford,9.4,9.4,Man Utd,65.0,3.668,63.0,0.0,62.0,2.36,61.0,3.465,7.0,0.272,59.0,3.796,58.0,3.279,57,3.884
281,M,van de Beek,5.7,5.7,Everton,53.0,2.04,50.0,0.0,42.92,1.622,41.99,1.719,7.0,0.236,9.17,1.441,11.4625,1.779,33,1.453
282,D,Tuanzebe,4.4,4.4,Man Utd,0.0,0.0,0.0,0.0,0.0,0.0,0.0,0.0,0.0,0.0,0.0,0.0,0.0,0.0,0,0.0
283,D,Lindelöf,4.8,4.8,Man Utd,3.0,0.126,9.0,0.0,8.0,0.192,13.0,0.498,1.0,0.015,15.0,0.607,17.0,0.646,16,0.784
284,M,McTominay,5.4,5.4,Man Utd,78.0,2.672,65.0,0.0,62.0,1.736,61.0,2.167,7.0,0.186,64.0,2.426,62.0,2.183,63,2.585
285,D,Bailly,4.9,4.9,Man Utd,0.0,0.0,1.0,0.0,4.0,0.113,2.0,0.079,0.0,0.0,5.0,0.204,5.0,0.196,5,0.228
286,M,James,6.0,6.0,Leeds,70.0,5.390000000000001,31.4,0.0,23.75,2.218,32.0,1.74,35.0,1.531,18.7,1.887,22.0,2.105,37,1.507
287,D,Wan-Bissaka,5.1,5.1,Man Utd,4.0,0.164,14.0,0.0,12.0,0.261,15.0,0.574,2.0,0.034,18.0,0.741,20.0,0.767,22,1.115
288,M,Greenwood,7.1,7.1,Man Utd,0.0,0.0,0.0,0.0,0.0,0.0,0.0,0.0,0.0,0.0,0.0,0.0,0.0,0.0,0,0.0
289,D,Williams,3.9,3.9,Norwich,87.0,0.799,82.0,0.0,40.685,3.1,39.715,1.975,9.0,0.169,39.24,2.061,39.24,3.042,73,1.255
290,M,Shelvey,5.3,5.3,Newcastle,85.0,2.599,84.0,0.0,33.05,3.3080000000000003,91.0,2.5080000000000005,28.0,0.958,31.313333333333333,2.8070000000000004,31.313333333333333,3.128,74,2.644
291,D,Ritchie,4.9,4.9,Newcastle,0.0,0.0,1.0,0.0,1.403333333333333,0.147,10.0,0.24,4.199999999999999,0.133,5.286666666666666,0.4660000000000001,4.473333333333334,0.525,15,0.698
292,D,Clark,4.4,4.4,Newcastle,0.0,0.0,0.0,0.0,0.0,0.0,0.0,0.0,0.0,0.0,0.0,0.0,0.0,0.0,0,0.0
293,G,Darlow,4.5,4.5,Newcastle,0.0,0.0,1.0,0.0,0.7033333333333333,0.086,1.0,0.035,0.7,0.028,0.4066666666666667,0.044,0.4066666666666667,0.051,1,0.039
294,G,Dubravka,4.4,4.4,Newcastle,90.0,3.376,88.0,0.0,35.230000000000004,4.415,102.0,3.69,30.45,1.288,35.78666666666667,3.968,35.78666666666667,4.628,87,3.489
295,F,Wilson,7.2,7.2,Newcastle,0.0,0.0,0.0,0.0,0.0,0.0,0.0,0.0,0.0,0.0,12.199999999999998,1.6129999999999998,19.52,2.935,62,3.518
296,M,Hendrick,4.8,4.8,Newcastle,0.0,0.0,0.0,0.0,0.0,0.0,0.0,0.0,0.0,0.0,0.0,0.0,0.0,0.0,0,0.0
297,M,Fraser,5.3,5.3,Newcastle,76.0,2.961,72.0,0.0,30.02,3.929,79.0,2.699,25.2,1.119,27.24666666666667,3.13,28.87333333333333,3.685,68,3.233
298,D,Lascelles,4.4,4.4,Newcastle,60.0,1.473,69.0,0.0,27.210000000000004,2.764,78.0,1.275,23.8,0.824,26.433333333333337,1.841,27.24666666666667,2.925,62,2.025
299,F,Gayle,5.2,5.2,Newcastle,3.0,0.172,5.0,0.0,1.5533333333333337,0.281,3.0,0.151,1.4,0.063,1.22,0.189,2.033333333333333,0.353,3,0.204
300,D,Dummett,4.5,4.5,Newcastle,13.0,0.397,14.0,0.0,5.73,0.5770000000000001,16.0,0.369,5.949999999999999,0.158,7.32,0.5840000000000001,7.32,0.78,16,0.572
301,D,Manquillo,3.9,3.9,Newcastle,25.0,0.715,18.0,0.0,2.9566666666666666,0.29,9.0,0.22,3.5,0.084,4.066666666666666,0.326,5.6933333333333325,0.6030000000000001,12,0.431
302,D,Krafth,4.3,4.3,Newcastle,23.0,0.705,7.0,0.0,2.22,0.24,4.0,0.107,1.4,0.032,1.626666666666667,0.138,2.44,0.258,5,0.188
303,M,Murphy,4.7,4.7,Newcastle,16.0,0.761,16.0,0.0,5.88,0.8400000000000001,12.0,0.54,4.9,0.179,6.506666666666668,0.8570000000000001,6.099999999999999,0.8620000000000001,17,0.909
304,D,Schär,4.3,4.3,Newcastle,37.0,0.968,28.0,0.0,13.236666666666665,1.421,34.0,0.6100000000000001,11.9,0.422,13.013333333333335,0.967,13.013333333333335,1.4680000000000002,39,1.347
305,M,Hayden,4.5,4.5,Newcastle,0.0,0.0,0.0,0.0,0.0,0.0,0.0,0.0,0.0,0.0,0.0,0.0,0.0,0.0,0,0.0
306,F,Saint-Maximin,6.9,6.9,Newcastle,84.0,3.129,82.0,0.0,96.0,4.046,93.0,3.078,26.0,1.15,92.0,3.375,91.0,3.722,74,3.293
307,M,Almirón,5.1,5.1,Newcastle,14.0,0.697,18.0,0.0,8.06,1.1940000000000002,22.0,0.935,5.949999999999999,0.232,7.32,0.98,6.506666666666668,0.946,14,0.777
308,M,S.Longstaff,4.4,4.4,Newcastle,3.0,0.14,7.0,0.0,2.4766666666666666,0.315,9.0,0.384,2.45,0.071,3.66,0.443,4.066666666666666,0.512,10,0.479
309,F,Joelinton,5.8,5.8,Newcastle,86.0,2.539,84.0,0.0,100.0,3.242,95.0,2.626,27.0,0.933,94.0,2.819,93.0,2.918,76,2.593
310,D,Lewis,4.2,4.2,Newcastle,0.0,0.0,0.0,0.0,0.0,0.0,0.0,0.0,0.0,0.0,0.0,0.0,0.0,0.0,0,0.0
311,M,M.Longstaff,4.5,4.5,Newcastle,0.0,0.0,0.0,0.0,0.0,0.0,0.0,0.0,0.0,0.0,0.0,0.0,0.0,0.0,0,0.0
312,G,McGovern,3.9,3.9,Norwich,0.0,0.0,0.0,0.0,0.0,0.0,0.0,0.0,0.0,0.0,0.0,0.0,0.0,0.0,0,0.0
313,G,Krul,4.5,4.5,Norwich,7.0,0.249,35.0,0.0,35.26,3.031,45.29,3.347,9.0,0.32,46.325,3.468,46.87,4.042,87,3.072
314,F,Pukki,5.8,5.8,Norwich,84.0,2.814,80.0,0.0,40.17,3.918,40.625,3.709,9.0,0.332,41.965,3.412,40.875,4.198,77,2.851
315,M,Stiepermann,5.0,5.0,Norwich,0.0,0.0,0.0,0.0,0.0,0.0,0.0,0.0,0.0,0.0,0.0,0.0,0.0,0.0,0,0.0
316,M,Rupp,4.4,4.4,Norwich,12.0,0.486,18.0,0.0,9.785,0.889,10.845,0.92,2.0,0.044,10.355,0.8310000000000001,13.625,1.181,23,0.904
317,M,McLean,4.9,4.9,Norwich,70.0,1.822,67.0,0.0,32.93,2.231,32.4,2.022,6.0,0.161,34.335,2.066,32.155,2.243,65,1.823
318,D,Hanley,4.4,4.4,Norwich,89.0,0.89,85.0,0.0,43.775,3.338,42.26,2.121,9.0,0.179,43.055,2.253,44.145,3.4130000000000003,74,1.322
319,M,Hernández,4.9,4.9,Norwich,0.0,0.0,0.0,0.0,0.0,0.0,0.0,0.0,0.0,0.0,0.0,0.0,0.0,0.0,0,0.0
320,D,Byram,4.4,4.4,Norwich,5.0,0.137,8.0,0.0,5.65,0.488,5.65,0.402,0.0,0.0,5.45,0.378,8.175,0.753,17,0.504
321,F,Hugill,5.4,5.4,Norwich,0.0,0.0,0.0,0.0,0.0,0.0,0.0,0.0,0.0,0.0,0.0,0.0,0.0,0.0,0,0.0
322,M,Dowell,5.1,5.1,Norwich,10.0,0.455,13.0,0.0,6.665,0.727,6.71,0.704,0.0,0.0,9.81,0.938,8.72,0.971,14,0.669
323,D,Zimmermann,4.4,4.4,Norwich,1.0,0.013,1.0,0.0,0.5,0.029,0.5,0.023,0.0,0.0,0.545,0.024,1.09,0.061,2,0.036
324,M,Cantwell,5.3,5.3,Norwich,0.0,0.0,0.0,0.0,0.0,0.0,0.0,0.0,0.0,0.0,0.0,0.0,0.0,0.0,0,0.0
325,D,Aarons,4.3,4.3,Norwich,88.0,0.928,86.0,0.0,42.245,3.242,42.23,2.147,9.0,0.182,45.235,2.352,43.6,3.363,75,1.358
326,D,Sørensen,4.3,4.3,Norwich,1.0,0.021,5.0,0.0,8.3,0.716,8.815,0.582,2.0,0.029,15.26,0.976,14.17,1.231,24,0.612
327,M,Placheta,4.7,4.7,Norwich,11.0,0.491,15.0,0.0,7.195,0.75,8.71,0.865,2.0,0.053,10.355,0.947,8.175,0.871,18,0.809
328,F,Idah,4.9,4.9,Norwich,40.0,1.518,46.0,0.0,23.645,2.207,21.205,1.912,5.0,0.16,23.435,1.923,24.525,2.385,47,1.804
329,M,Martin,5.0,5.0,Norwich,0.0,0.0,0.0,0.0,0.0,0.0,0.0,0.0,0.0,0.0,0.0,0.0,0.0,0.0,0,0.0
330,D,Omobamidele,3.9,3.9,Norwich,1.0,0.024,6.0,0.0,3.135,0.245,4.605,0.261,0.0,0.0,5.995,0.339,5.995,0.46,14,0.291
331,M,Walcott,5.8,5.8,Southampton,8.0,0.476,6.0,0.0,3.275,0.336,5.0,0.311,3.0,0.123,3.885,0.42,4.44,0.4409999999999999,8,0.435
332,G,Forster,4.4,4.4,Southampton,55.0,2.304,27.0,0.0,0.665,0.052,5.0,0.224,2.5,0.104,2.775,0.215,2.775,0.206,7,0.27
333,G,McCarthy,4.4,4.4,Southampton,35.0,1.468,63.0,0.0,49.285,3.792,92.0,4.104,42.5,1.776,47.175,3.648,47.175,3.491,83,3.196
334,M,Romeu,4.5,4.5,Southampton,85.0,2.495,83.0,0.0,45.51,2.414,89.0,2.76,39.5,1.107,44.955,2.423,44.4,2.207,75,2.008
335,M,Redmond,5.9,5.9,Southampton,13.0,0.686,31.0,0.0,22.81,2.017,44.0,2.349,20.5,0.882,22.755,2.111,24.975,2.023,41,1.823
336,F,Ings,7.7,7.7,Aston Villa,21.0,1.529,7.666666666666667,0.0,9.546666666666669,1.884,26.64,1.517,27.0,1.582,12.1,1.975,13.31,2.321,28,1.453
337,D,Stephens,4.4,4.4,Southampton,18.0,0.699,23.0,0.0,14.04,0.916,26.0,1.181,14.5,0.523,15.54,1.025,16.095,0.906,25,0.828
338,M,S.Armstrong,5.8,5.8,Southampton,79.0,3.564,70.0,0.0,34.465,2.859,70.0,3.556,32.5,1.332,37.185,3.067,33.3,2.47,62,2.455
339,D,Vestergaard,4.7,4.7,Leicester,1.0,0.028,2.0,0.0,1.3350000000000002,0.173,1.0825,0.103,6.0,0.234,2.36,0.163,1.18,0.105,3,0.091
340,M,Ward-Prowse,6.4,6.4,Southampton,90.0,4.466,89.0,0.0,96.0,4.03,93.0,5.0680000000000005,42.0,1.904,92.0,4.129,91.0,3.3880000000000003,81,3.309
341,D,Walker-Peters,4.8,4.8,Southampton,55.0,2.178,54.0,0.0,30.36,1.872,56.0,2.587,26.5,0.974,28.86,1.804,27.75,1.453,57,1.753
342,D,Bednarek,4.4,4.4,Southampton,86.0,3.213,83.0,0.0,44.345,2.598,88.0,3.857,37.0,1.341,42.735,2.533,42.735,2.075,75,2.178
343,F,Nlundulu,4.5,4.5,Southampton,0.0,0.0,0.0,0.0,0.0,0.0,0.0,0.0,0.0,0.0,0.0,0.0,0.0,0.0,0,0.0
344,F,Adams,6.8,6.8,Southampton,82.0,4.362,74.0,0.0,40.625,3.831,74.0,4.356,34.5,1.702,38.85,3.934,37.74,3.208,65,3.075
345,M,Tella,4.7,4.7,Southampton,7.0,0.388,10.0,0.0,8.825,0.809,14.0,0.833,8.0,0.331,9.99,0.999,12.21,1.085,22,1.079
346,M,Smallbone,4.5,4.5,Southampton,3.0,0.139,3.0,0.0,2.665,0.231,3.0,0.144,2.5,0.076,2.22,0.191,1.665,0.134,8,0.37
347,F,Obafemi,4.5,4.5,Southampton,0.0,0.0,0.0,0.0,0.0,0.0,0.0,0.0,0.0,0.0,0.0,0.0,0.0,0.0,0,0.0
348,M,Diallo,4.5,4.5,Southampton,14.0,0.608,13.0,0.0,6.66,0.526,13.0,0.576,8.0,0.256,8.325,0.686,10.545,0.804,19,0.767
349,M,Djenepo,5.2,5.2,Southampton,6.0,0.325,3.0,0.0,2.11,0.2,5.0,0.284,2.5,0.087,3.885,0.382,2.775,0.251,6,0.295
350,D,Salisu,4.5,4.5,Southampton,89.0,3.208,86.0,0.0,46.065,2.592,88.0,3.755,42.5,1.461,43.845,2.527,44.955,2.091,79,2.198
351,G,Hart,4.5,4.5,Spurs,0.0,0.0,0.0,0.0,0.0,0.0,0.0,0.0,0.0,0.0,0.0,0.0,0.0,0.0,0,0.0
352,G,Lloris,5.4,5.4,Spurs,90.0,7.207,89.0,0.0,102.0,4.528,104.68,3.977,10.0,0.425,36.193333333333335,4.827,35.379999999999995,4.33,87,3.909
353,M,Sissoko,4.4,4.4,Watford,87.0,5.005000000000001,47.25,0.0,92.0,2.518,45.05,2.494,20.0,0.612,43.45,2.112,44.55,2.698,79,2.457
354,D,Alderweireld,5.0,5.0,Spurs,0.0,0.0,0.0,0.0,0.0,0.0,0.0,0.0,0.0,0.0,0.0,0.0,0.0,0.0,0,0.0
355,M,Lamela,6.0,6.0,Spurs,0.0,0.0,0.0,0.0,0.0,0.0,0.0,0.0,0.0,0.0,0.0,0.0,0.0,0.0,0,0.0
356,F,Kane,12.2,12.2,Spurs,85.5,8.446,83.0,0.0,95.0,6.51,95.69,4.854,10.0,0.629,32.126666666666665,6.721,32.126666666666665,5.502,77,4.902
357,D,Aurier,4.9,4.9,Spurs,0.0,0.0,0.0,0.0,0.0,0.0,0.0,0.0,0.0,0.0,0.0,0.0,0.0,0.0,0,0.0
358,M,Son,10.7,10.7,Spurs,84.5,8.763,81.0,0.0,93.0,6.722,93.69,4.965,9.0,0.599,31.72,6.9990000000000006,31.72,5.696000000000001,75,5.125
359,D,Doherty,4.7,4.7,Spurs,16.0,1.327,21.0,0.0,23.0,1.236,23.53,0.884,2.0,0.063,9.76,1.523,8.946666666666667,1.1689999999999998,26,1.412
360,D,Dier,4.6,4.6,Spurs,160.0,4.716,78.0,0.0,88.0,3.819,89.0,2.487,9.0,0.367,86.0,3.817,85.0,2.979,71,3.081
361,M,Lucas Moura,6.4,6.4,Spurs,132.0,5.587999999999999,64.0,0.0,73.0,3.976,73.0,3.158,7.0,0.383,72.0,4.041,71.0,3.393,58,3.076
362,M,Dele,6.2,6.2,Everton,51.0,2.188,43.0,0.0,47.17,1.937,32.870000000000005,1.5479999999999998,7.0,0.28,10.480000000000002,1.822,8.8425,1.588,33,1.661
363,D,Davies,4.5,4.5,Spurs,51.0,2.931,47.0,0.0,55.0,2.324,57.16,1.583,6.0,0.222,21.55333333333333,2.747,21.146666666666665,2.122,57,2.426
364,M,Højbjerg,4.9,4.9,Spurs,79.5,4.57,78.0,0.0,82.0,2.753,88.59,2.494,9.0,0.282,28.87333333333333,2.953,30.093333333333334,2.7259999999999995,72,2.384
365,M,Winks,4.4,4.4,Spurs,19.0,1.518,17.0,0.0,21.0,0.867,22.31,0.8170000000000001,2.0,0.048,10.573333333333332,1.238,7.726666666666667,0.8630000000000001,22,0.912
366,D,Sánchez,4.6,4.6,Spurs,51.0,3.085,57.0,0.0,71.0,3.0820000000000003,66.61,1.827,6.0,0.226,19.926666666666662,2.6020000000000003,22.366666666666664,2.273,55,2.402
367,D,Sessegnon,4.3,4.3,Spurs,17.0,1.4460000000000002,17.0,0.0,18.0,0.978,22.42,0.882,2.0,0.063,10.573333333333332,1.729,8.133333333333333,1.1,25,1.407
368,M,Bergwijn,5.9,5.9,Spurs,36.5,3.355,35.0,0.0,49.0,2.683,52.62,2.279,5.0,0.234,17.486666666666668,2.927,16.673333333333332,2.482,44,2.367
369,D,Reguilón,5.4,5.4,Spurs,65.5,4.9030000000000005,66.0,0.0,71.0,3.847,69.49,2.419,7.0,0.324,21.146666666666665,3.49,23.99333333333333,3.073,50,2.716
370,D,Tanganga,4.2,4.2,Spurs,17.0,1.262,26.0,0.0,25.0,1.1009999999999998,35.41,1.105,3.0,0.093,12.199999999999998,1.628,13.013333333333335,1.4240000000000002,30,1.396
371,M,Lo Celso,5.9,5.9,Spurs,0.0,0.0,0.0,0.0,0.0,0.0,0.0,0.0,0.0,0.0,0.0,0.0,0.0,0.0,0,0.0
372,M,Skipp,4.4,4.4,Spurs,53.0,3.029,53.0,0.0,64.0,2.009,66.83,1.838,5.0,0.136,22.77333333333333,2.148,21.146666666666665,1.85,53,1.668
373,D,Rodon,4.2,4.2,Spurs,0.0,0.0,0.0,0.0,0.0,0.0,1.0,0.039,0.0,0.0,0.4066666666666667,0.057,0.4066666666666667,0.048,1,0.051
374,M,Ndombele,5.7,5.7,Spurs,0.0,0.0,0.0,0.0,0.0,0.0,0.0,0.0,0.0,0.0,0.0,0.0,0.0,0.0,0,0.0
375,G,Foster,4.1,4.1,Watford,90.0,6.880000000000001,47.95,0.0,93.0,3.424,46.75,3.434,21.0,0.846,46.2,3.322,46.2,3.625,84,3.582
376,D,Rose,4.2,4.2,Watford,0.0,0.0,0.0,0.0,0.0,0.0,0.0,0.0,0.0,0.0,0.0,0.0,0.0,0.0,0,0.0
377,M,Gosling,4.7,4.7,Watford,0.0,0.0,0.0,0.0,0.0,0.0,0.0,0.0,0.0,0.0,0.0,0.0,0.0,0.0,0,0.0
378,D,Cathcart,4.3,4.3,Watford,88.5,4.603,46.3,0.0,91.0,2.088,44.6,1.984,20.0,0.612,41.25,0.8800000000000001,42.35,2.441,74,2.622
379,F,Deeney,5.4,5.4,Watford,0.0,0.0,0.0,0.0,0.0,0.0,0.0,0.0,0.0,0.0,0.0,0.0,0.0,0.0,0,0.0
380,M,Cleverley,4.8,4.8,Watford,20.5,2.008,14.05,0.0,27.0,1.207,14.5,1.274,7.0,0.266,14.3,1.105,17.05,1.634,32,1.531
381,D,Femenía,4.3,4.3,Watford,82.0,5.176,42.75,0.0,80.0,2.264,40.2,2.199,17.0,0.616,38.5,1.067,37.95,2.6670000000000003,76,3.087
382,F,Gray,5.4,5.4,Watford,0.0,0.0,0.0,0.0,0.0,0.0,0.0,0.0,0.0,0.0,0.0,0.0,0.0,0.0,0,0.0
383,D,Kabasele,4.3,4.3,Watford,1.5,0.1159999999999999,2.15,0.0,4.0,0.133,3.15,0.185,0.0,0.0,1.65,0.073,1.1,0.085,4,0.167
384,M,Chalobah,5.0,5.0,Watford,0.0,0.0,0.0,0.0,0.0,0.0,0.0,0.0,0.0,0.0,0.0,0.0,0.0,0.0,0,0.0
385,M,Hughes,4.7,4.7,Crystal Palace,54.5,4.093999999999999,38.0,0.0,42.0,1.546,39.0,1.313,13.3,0.433,38.0,1.446,35.0,1.357,44,1.65
386,D,Troost-Ekong,4.3,4.3,Watford,1.0,0.078,2.15,0.0,4.0,0.125,2.7,0.155,0.0,0.0,2.2,0.088,0.55,0.042,2,0.083
387,F,Perica,4.5,4.5,Watford,0.0,0.0,0.0,0.0,0.0,0.0,0.0,0.0,0.0,0.0,0.0,0.0,0.0,0.0,0,0.0
388,G,Bachmann,4.2,4.2,Watford,0.0,0.0,1.55,0.0,4.0,0.146,2.75,0.1999999999999999,0.0,0.0,3.3,0.236,3.3,0.255,6,0.252
389,D,Masina,4.3,4.3,Watford,5.0,0.3339999999999999,3.5,0.0,10.0,0.32,4.95,0.297,2.0,0.049,6.05,0.239,7.7,0.561,11,0.451
390,M,Sema,5.2,5.2,Watford,8.5,0.835,6.65,0.0,13.0,0.626,9.15,0.8410000000000001,2.0,0.06,8.8,0.7210000000000001,6.05,0.6,21,1.041
391,M,Zinckernagel,5.5,5.5,Watford,0.0,0.0,0.0,0.0,0.0,0.0,0.0,0.0,0.0,0.0,0.0,0.0,0.0,0.0,0,0.0
392,F,Success,5.0,5.0,Watford,0.0,0.0,0.0,0.0,0.0,0.0,0.0,0.0,0.0,0.0,0.0,0.0,0.0,0.0,0,0.0
393,M,Dele-Bashiru,4.5,4.5,Watford,0.0,0.0,0.0,0.0,0.0,0.0,0.0,0.0,0.0,0.0,0.0,0.0,0.0,0.0,0,0.0
394,F,Fletcher,4.8,4.8,Watford,2.0,0.214,1.05,0.0,2.0,0.103,1.05,0.106,0.0,0.0,1.1,0.096,1.65,0.185,3,0.171
395,D,Sierralta,4.3,4.3,Watford,1.0,0.0809999999999999,2.2,0.0,4.0,0.129,4.2,0.229,1.0,0.025,0.55,0.0279999999999999,0.55,0.044,3,0.128
396,M,Quina,4.5,4.5,Watford,0.0,0.0,0.0,0.0,0.0,0.0,0.0,0.0,0.0,0.0,0.0,0.0,0.0,0.0,0,0.0
397,D,Navarro,4.0,4.0,Watford,0.0,0.0,0.0,0.0,0.0,0.0,0.0,0.0,0.0,0.0,0.0,0.0,0.0,0.0,0,0.0
398,M,Sarr,5.7,5.7,Watford,162.0,6.846,86.0,0.0,83.0,3.324,83.0,3.362,18.0,0.871,80.0,2.6060000000000003,79.0,3.805,72,3.398
399,D,Ngakia,4.3,4.3,Watford,3.5,0.207,2.9,0.0,8.0,0.265,4.95,0.311,2.0,0.032,6.6,0.316,4.4,0.303,9,0.36
400,D,Wilmot,4.5,4.5,Watford,0.0,0.0,0.0,0.0,0.0,0.0,0.0,0.0,0.0,0.0,0.0,0.0,0.0,0.0,0,0.0
401,M,Hungbo,4.5,4.5,Watford,0.0,0.0,0.0,0.0,0.0,0.0,0.0,0.0,0.0,0.0,0.0,0.0,0.0,0.0,0,0.0
402,M,Louza,5.2,5.2,Watford,15.0,1.39,10.1,0.0,21.0,0.872,11.6,0.945,5.0,0.155,12.1,0.895,13.2,1.148,24,1.099
403,F,João Pedro,5.4,5.4,Watford,53.5,4.818,26.0,0.0,53.0,2.25,27.75,2.409,12.0,0.548,28.05,2.0,29.7,2.97,47,2.339
404,M,Baah,4.3,4.3,Watford,0.0,0.0,0.0,0.0,0.0,0.0,0.0,0.0,0.0,0.0,0.55,0.043,0.55,0.05,1,0.046
405,M,Noble,4.4,4.4,West Ham,4.0,0.175,6.0,0.0,10.0,0.445,11.0,0.588,1.0,0.022,13.0,0.683,14.0,0.676,12,0.649
406,G,Randolph,4.3,4.3,West Ham,0.0,0.0,0.0,0.0,0.0,0.0,0.0,0.0,0.0,0.0,0.0,0.0,2.0,0.088,0,0.0
407,G,Fabianski,5.0,5.0,West Ham,90.0,3.956,89.0,0.0,89.0,3.137,88.0,3.758,10.0,0.377,86.0,3.751,86.0,3.686,88,4.08
408,D,Ogbonna,4.9,4.9,West Ham,0.0,0.0,0.0,0.0,0.0,0.0,0.0,0.0,0.0,0.0,0.0,0.0,0.0,0.0,0,0.0
409,D,Reid,3.9,3.9,West Ham,0.0,0.0,0.0,0.0,0.0,0.0,0.0,0.0,0.0,0.0,0.0,0.0,0.0,0.0,0,0.0
410,D,Cresswell,5.3,5.3,West Ham,86.0,4.271,81.0,0.0,80.0,1.56,75.0,3.474,9.0,0.281,75.0,3.694,74.0,3.287,75,4.085
411,M,Yarmolenko,5.1,5.1,West Ham,2.0,0.129,4.0,0.0,6.0,0.302,5.0,0.325,0.0,0.0,7.0,0.475,8.0,0.471,7,0.481
412,F,Antonio,7.8,7.8,West Ham,87.0,4.709,82.0,0.0,80.0,2.772,82.0,4.174,10.0,0.402,80.0,4.263,75.0,3.413,75,4.148
413,D,Dawson,4.9,4.9,West Ham,85.0,3.764,83.0,0.0,81.0,1.376,80.0,3.268,10.0,0.282,77.0,3.334,76.0,3.002,75,3.624
414,D,Fredericks,4.4,4.4,West Ham,2.0,0.088,6.0,0.0,6.0,0.188,6.0,0.261,0.0,0.0,6.0,0.27,10.0,0.433,11,0.534
415,M,Lanzini,5.8,5.8,West Ham,76.0,4.288,74.0,0.0,72.0,2.578,71.0,3.747,8.0,0.36,68.0,3.761,68.0,3.223,67,3.828
416,D,Masuaku,4.4,4.4,West Ham,1.0,0.045,5.0,0.0,6.0,0.188,9.0,0.4,0.0,0.0,12.0,0.556,12.0,0.528,12,0.59
417,D,Coufal,4.8,4.8,West Ham,86.0,3.831,78.0,0.0,75.0,1.364,77.0,3.205,9.0,0.256,73.0,3.249,70.0,2.849,72,3.557
418,M,Benrahma,5.9,5.9,West Ham,48.0,2.96,49.0,0.0,49.0,1.999,50.0,2.914,5.0,0.202,53.0,3.181,51.0,2.675,48,3.034
419,M,Bowen,7.0,6.7,West Ham,85.0,5.527,83.0,0.0,78.0,3.031,78.0,4.756,10.0,0.462,75.0,4.804,77.0,4.116,76,5.033
420,M,Rice,5.1,5.1,West Ham,88.0,2.918,86.0,0.0,82.0,2.055,83.0,2.646,10.0,0.276,79.0,2.599,79.0,2.413,77,2.662
421,M,Soucek,5.7,5.7,West Ham,90.0,3.767,89.0,0.0,87.0,2.458,86.0,3.407,10.0,0.357,83.0,3.433,82.0,2.984,81,3.514
422,M,Fornals,6.0,6.0,West Ham,56.0,2.862,58.0,0.0,58.0,2.022,55.0,2.663,7.0,0.251,58.0,2.895,55.0,2.437,61,3.106
423,D,Diop,4.3,4.3,West Ham,45.0,1.921,36.0,0.0,41.0,0.735,42.0,1.667,5.0,0.131,43.0,1.799,42.0,1.638,47,2.178
424,D,Johnson,4.0,4.0,West Ham,6.0,0.263,13.0,0.0,17.0,0.44,18.0,0.776,2.0,0.04,17.0,0.759,19.0,0.802,15,0.718
425,M,Moutinho,4.9,4.9,Wolves,40.0,2.802,34.7,0.0,71.0,2.715,35.7,2.588,62.0,2.516,34.1,2.616,34.1,2.511,65,1.938
426,G,Patrício,5.0,5.0,Wolves,0.0,0.0,0.0,0.0,0.0,0.0,0.0,0.0,0.0,0.0,0.0,0.0,0.0,0.0,0,0.0
427,D,Boly,4.9,4.9,Wolves,1.0,0.0829999999999999,5.0,0.0,11.0,0.469,8.85,0.6609999999999999,20.0,0.863,11.55,0.982,11.55,0.901,23,0.583
428,D,Coady,4.7,4.7,Wolves,88.0,5.5600000000000005,46.8,0.0,90.0,3.725,45.1,3.18,80.0,3.191,44.0,3.521,44.55,3.2060000000000004,79,1.702
429,F,Jiménez,7.4,7.4,Wolves,168.0,8.007,90.0,0.0,87.0,4.736,86.0,4.384,77.0,4.588,62.0,3.587,82.0,4.274,74,2.724
430,D,Saïss,5.0,5.0,Wolves,89.0,6.113,46.8,0.0,90.0,4.136,45.1,3.476,82.0,3.698,44.0,3.935,42.9,3.432,79,1.761
431,D,Marçal,4.2,4.2,Wolves,16.0,1.252,9.65,0.0,12.0,0.543,8.25,0.658,17.0,0.776,10.45,0.927,9.35,0.764,18,0.541
432,D,Jonny,4.5,4.5,Wolves,8.5,0.618,14.55,0.0,34.0,1.578,18.55,1.501,29.0,1.35,16.5,1.508,17.05,1.425,36,0.969
433,M,Dendoncker,4.7,4.7,Wolves,67.5,4.729,32.35,0.0,59.0,2.317,32.55,2.384,64.0,2.6,33.55,2.586,29.7,2.221,58,1.758
434,M,Traoré,5.6,5.6,Wolves,0.0,0.0,0.0,0.0,0.0,0.0,0.0,0.0,0.0,0.0,0.0,0.0,0.0,0.0,0,0.0
435,M,Neves,5.3,5.3,Wolves,82.0,5.386,42.75,0.0,81.0,2.979,39.55,2.735,71.0,2.75,37.95,2.805,39.6,2.7750000000000004,70,1.97
436,D,Semedo,4.8,4.8,Wolves,87.0,6.17,45.7,0.0,90.0,4.192,44.5,3.494,77.0,3.521,42.35,3.859,44.0,3.553,77,1.824
437,M,Podence,5.5,5.5,Wolves,64.0,5.925000000000001,23.75,0.0,48.0,2.458,23.75,2.298,43.0,2.376,21.45,2.2350000000000003,25.3,2.457,44,1.71
438,D,Kilman,4.5,4.5,Wolves,89.0,5.7170000000000005,46.7,0.0,92.0,3.87,46.15,3.311,80.0,3.285,44.55,3.641,44.0,3.257,78,1.677
439,M,Gibbs-White,4.5,4.5,Wolves,0.0,0.0,0.0,0.0,0.0,0.0,0.0,0.0,0.0,0.0,0.0,0.0,0.0,0.0,0,0.0
440,M,Neto,6.4,6.4,Wolves,0.0,0.0,1.25,0.0,13.0,0.689,10.5,1.068,30.0,1.746,15.4,1.689,16.5,1.759,28,1.184
441,M,Otasowie,4.5,4.5,Wolves,0.0,0.0,0.0,0.0,0.0,0.0,0.0,0.0,0.0,0.0,0.0,0.0,0.0,0.0,0,0.0
442,D,Hoever,3.9,3.9,Wolves,3.0,0.2259999999999999,3.25,0.0,7.0,0.302,3.9,0.296,11.0,0.48,5.5,0.457,4.4,0.342,11,0.347
443,G,Söndergaard,3.9,3.9,Wolves,0.0,0.0,0.0,0.0,0.0,0.0,0.0,0.0,0.0,0.0,0.0,0.0,0.0,0.0,0,0.0
444,F,Fabio Silva,5.6,5.6,Wolves,5.5,0.59,3.9,0.0,7.0,0.416,3.35,0.364,6.0,0.366,4.95,0.5830000000000001,3.85,0.434,10,0.477
445,D,Mosquera,4.4,4.4,Wolves,0.0,0.0,0.5,0.0,1.0,0.047,1.05,0.087,1.0,0.048,1.1,0.096,2.2,0.174,3,0.096
446,F,Welbeck,5.9,5.9,Brighton,23.0,1.304,27.0,0.0,34.0,1.733,17.76,1.573,2.0,0.053,16.65,1.824,22.755,1.909,34,1.533
447,G,Gunn,4.0,4.0,Norwich,83.0,2.97,54.0,0.0,11.09,0.97,1.06,0.079,0.0,0.0,2.18,0.165,2.18,0.191,3,0.108
448,M,Rashica,5.2,5.2,Norwich,69.0,2.255,64.0,0.0,32.46,3.012,32.93,2.8190000000000004,6.0,0.202,32.7,2.6380000000000003,31.61,3.146,61,2.244
449,F,Dennis,6.1,6.1,Watford,76.5,6.077,41.75,0.0,79.0,2.931,39.55,2.996,17.0,0.731,38.5,2.407,37.95,3.3960000000000004,70,2.99
450,D,Collins,4.3,4.3,Burnley,1.5,0.12,3.6666666666666665,0.0,6.55,0.175,10.21,0.332,4.0,0.116,3.253333333333334,0.209,4.88,0.498,12,0.311
451,G,Ruddy,4.3,4.3,Wolves,0.0,0.0,0.0,0.0,1.0,0.045,0.5,0.042,1.0,0.044,0.55,0.0499999999999999,0.0,0.0,3,0.111
452,M,Fernandinho,4.8,4.8,Man City,7.0,0.324,9.0,0.0,13.0,0.569,11.0,0.485,0.0,0.0,15.0,0.687,15.0,0.613,14,0.6
453,D,Pollock,4.0,4.0,Watford,0.0,0.0,0.0,0.0,0.0,0.0,0.0,0.0,0.0,0.0,0.0,0.0,0.0,0.0,0,0.0
454,F,Daka,7.2,7.2,Leicester,72.0,3.248,62.0,0.0,14.3175,3.419,12.8875,2.315,44.0,2.55,17.30666666666667,2.3960000000000004,16.91333333333333,2.861,40,2.231
455,D,Gibson,4.4,4.4,Norwich,89.0,0.879,86.0,0.0,42.245,3.132,43.26,2.089,9.0,0.173,45.235,2.285,43.6,3.257,79,1.333
456,D,Giannoulis,4.4,4.4,Norwich,2.0,0.05,4.0,0.0,3.105,0.256,3.105,0.21,0.0,0.0,4.36,0.284,3.815,0.313,8,0.228
457,M,Soumaré,4.8,4.8,Leicester,36.0,1.334,39.0,0.0,10.7875,1.616,11.11,1.47,40.0,1.524,15.733333333333334,1.531,14.160000000000002,1.541,40,1.435
458,M,Mata,4.7,4.7,Man Utd,4.0,0.205,3.0,0.0,2.0,0.085,2.0,0.099,0.0,0.0,3.0,0.161,3.0,0.152,4,0.222
459,D,Perraud,4.8,4.8,Southampton,77.0,3.296,70.0,0.0,38.57,2.5820000000000003,73.0,3.623,35.5,1.465,38.295,2.652,37.74,2.127,64,2.125
460,M,Trincão,5.6,5.6,Wolves,44.0,4.234,18.05,0.0,34.0,1.786,18.05,1.787,28.0,1.586,17.05,1.7879999999999998,16.5,1.683,30,1.269
461,M,Mwepu,5.9,5.9,Brighton,10.0,0.498,30.0,0.0,29.0,1.243,15.93,1.238,2.0,0.045,17.205,1.603,18.315,1.388,36,1.405
462,D,Firpo,4.7,4.7,Leeds,27.0,1.518,16.0,0.0,17.55,1.1920000000000002,33.0,1.65,29.0,1.108,17.05,1.425,18.15,1.514,34,1.0
463,M,Olise,5.4,5.4,Crystal Palace,52.0,4.591,52.0,0.0,47.0,1.996,46.0,1.726,17.849999999999998,0.738,47.0,2.037,54.0,2.304,48,2.122
464,D,Fernández,4.3,4.3,Newcastle,0.0,0.0,0.0,0.0,1.3299999999999998,0.124,8.0,0.186,1.4,0.032,3.253333333333334,0.259,2.44,0.249,7,0.249
465,D,Tavares,4.3,4.3,Arsenal,2.5,0.248,0.0,0.0,7.0,0.338,6.0,0.286,7.0,0.299,2.065,0.327,2.95,0.527,8,0.346
466,M,Etebo,4.3,4.3,Watford,16.5,1.404,13.6,0.0,24.0,0.947,14.2,1.081,5.0,0.146,15.95,1.063,14.85,1.198,24,1.032
467,F,King,5.9,5.8,Watford,85.0,6.891,44.1,0.0,87.0,3.338,43.45,3.414,18.0,0.815,41.25,2.665,41.8,3.909,74,3.338
468,F,Mebude,4.5,4.5,Watford,0.0,0.0,0.0,0.0,0.0,0.0,0.0,0.0,0.0,0.0,0.0,0.0,0.0,0.0,0,0.0
469,D,Ait Nouri,4.4,4.4,Wolves,66.0,5.084,26.9,0.0,51.0,2.535,24.3,2.08,47.0,2.32,24.2,2.349,25.3,2.236,39,1.085
470,M,Lees-Melou,4.8,4.8,Norwich,57.0,1.694,57.0,0.0,27.81,2.16,26.75,1.917,6.0,0.165,23.98,1.68,27.25,2.158,48,1.555
471,F,Cucho,5.0,5.0,Watford,7.0,0.78,4.35,0.0,8.0,0.439,5.05,0.521,2.0,0.081,5.5,0.505,4.95,0.598,12,0.702
472,D,Bertrand,4.6,4.6,Leicester,0.0,0.0,0.0,0.0,0.0,0.0,0.0,0.0,0.0,0.0,0.0,0.0,0.0,0.0,0,0.0
473,D,Ward,4.5,4.5,Crystal Palace,89.0,5.241,85.0,0.0,82.0,2.606,83.0,1.461,28.0,0.865,83.0,2.365,82.0,2.147,80,2.394
474,G,Sá,5.2,5.2,Wolves,90.0,7.417,48.95,0.0,95.0,4.389,47.95,4.158,87.0,3.919,47.85,4.355,47.85,4.235,84,3.12
475,G,Scherpen,4.5,4.5,Brighton,0.0,0.0,0.0,0.0,0.0,0.0,0.0,0.0,0.0,0.0,0.0,0.0,0.0,0.0,0,0.0
476,D,Guéhi,4.5,4.5,Crystal Palace,88.5,5.361000000000001,83.0,0.0,84.0,2.742,83.0,1.516,29.05,0.925,83.0,2.439,82.0,2.214,79,2.445
477,M,Sambi Lokonga,4.8,4.8,Arsenal,9.0,0.8619999999999999,0.0,0.0,12.0,0.544,15.0,0.666,13.0,0.575,4.13,0.662,4.13,0.7000000000000001,17,0.722
478,M,Onyeka,4.9,4.9,Brentford,40.0,1.413,38.0,0.0,36.0,1.444,33.0,1.412,35.0,1.332,35.0,1.188,39.0,1.49,32,1.301
479,G,Hennessey,4.5,4.5,Burnley,0.0,0.0,0.6666666666666666,0.0,0.11,0.004,1.11,0.045,0.5,0.02,0.4066666666666667,0.0449999999999999,1.22,0.153,3,0.111
480,G,Begović,4.0,4.0,Everton,0.0,0.0,0.0,0.0,1.28,0.048,0.03,0.001,0.0,0.0,0.3275,0.051,0.3275,0.052,0,0.0
481,M,Townsend,5.2,5.2,Everton,16.0,0.795,8.0,0.0,10.2,0.503,9.21,0.51,2.0,0.075,2.620000000000001,0.516,4.585,0.8580000000000001,14,0.771
482,D,Ajer,4.4,4.4,Brentford,89.0,1.936,70.0,0.0,62.0,2.37,62.0,2.772,59.0,1.629,55.0,0.945,56.0,1.854,64,2.35
483,M,Gray,5.5,5.5,Everton,18.0,0.957,63.0,0.0,78.38000000000001,3.39,79.1,3.901,15.0,0.723,20.632500000000004,3.689,20.305,3.722,61,3.13
484,M,Sancho,8.9,8.9,Man Utd,80.0,4.449,78.0,0.0,76.0,2.765,75.0,4.125,8.0,0.337,72.0,4.503,71.0,3.908,71,4.681
485,G,Gollini,4.3,4.3,Spurs,0.0,0.0,1.0,0.0,1.0,0.045,1.11,0.043,0.0,0.0,0.4066666666666667,0.055,0.8133333333333335,0.0999999999999999,1,0.045
486,M,Bryan,5.7,5.7,Spurs,0.0,0.0,0.0,0.0,0.0,0.0,0.0,0.0,0.0,0.0,0.0,0.0,0.0,0.0,0,0.0
487,D,Andersen,4.5,4.5,Crystal Palace,89.0,5.4670000000000005,85.0,0.0,84.0,2.768,85.0,1.544,29.05,0.938,83.0,2.472,80.0,2.208,81,2.53
488,G,Areola,4.7,4.7,West Ham,0.0,0.0,1.0,0.0,1.0,0.036,1.0,0.044,0.0,0.0,2.0,0.089,3.0,0.131,1,0.047
489,G,Klaesson,4.3,4.3,Leeds,0.0,0.0,0.55,0.0,0.55,0.0409999999999999,1.0,0.045,4.0,0.157,1.1,0.089,1.65,0.135,2,0.072
490,D,Livramento,4.3,4.1,Southampton,46.0,1.911,51.0,0.0,27.64,1.734,60.0,2.817,24.5,0.927,27.75,1.791,29.415,1.561,50,1.569
491,M,Bailey,6.3,6.3,Aston Villa,15.0,0.973,10.166666666666666,0.0,11.433333333333332,2.039,37.97,1.889,33.0,1.736,11.293333333333331,1.715,11.696666666666664,1.91,33,1.538
492,D,Clyne,4.3,4.3,Crystal Palace,1.0,0.055,3.0,0.0,5.0,0.149,6.0,0.128,1.4,0.028,4.0,0.112,3.0,0.08,5,0.149
493,D,Romero,4.8,4.8,Spurs,86.5,4.702999999999999,83.0,0.0,95.0,3.871,92.91,2.407,10.0,0.365,32.53333333333333,4.008,30.906666666666663,2.9930000000000003,78,3.201
494,M,Kucka,5.5,5.5,Watford,30.5,2.477,16.3,0.0,37.0,1.377,21.05,1.5470000000000002,9.0,0.299,22.55,1.407,20.9,1.673,38,1.583
495,M,Ramsey,4.4,4.4,Aston Villa,0.0,0.0,0.0,0.0,0.0,0.0,0.0,0.0,0.0,0.0,0.0,0.0,0.0,0.0,0,0.0
496,M,Philogene-Bidace,5.0,5.0,Aston Villa,0.0,0.0,0.0,0.0,0.0,0.0,0.0,0.0,0.0,0.0,0.0,0.0,0.0,0.0,0,0.0
497,D,Thompson,4.4,4.4,Brentford,0.0,0.0,0.0,0.0,0.0,0.0,0.0,0.0,0.0,0.0,0.0,0.0,0.0,0.0,0,0.0
498,M,Baptiste,4.9,4.9,Brentford,18.0,0.772,25.0,0.0,20.0,0.915,25.0,1.176,27.0,1.134,26.0,0.984,24.0,1.054,22,0.997
499,F,Andone,5.0,5.0,Brighton,0.0,0.0,0.0,0.0,0.0,0.0,0.0,0.0,0.0,0.0,0.0,0.0,0.0,0.0,0,0.0
500,D,Sarr,4.9,4.9,Chelsea,29.0,1.346,0.0,0.0,29.44,1.453,13.21,1.392,3.0,0.144,12.75,1.394,14.28,1.2739999999999998,27,1.215
501,D,Kenny,4.4,4.4,Everton,7.0,0.234,10.0,0.0,8.290000000000001,0.241,9.27,0.374,1.0,0.023,3.6025000000000005,0.447,3.6025,0.447,7,0.273
502,M,Gordon,4.5,4.5,Everton,54.0,2.482,38.0,0.0,46.93,2.043,48.11,2.29,8.0,0.341,12.7725,2.2470000000000003,13.1,2.352,33,1.737
503,M,Gbamin,4.4,4.4,Everton,0.0,0.0,1.0,0.0,0.0,0.0,0.0,0.0,0.0,0.0,0.0,0.0,0.0,0.0,1,0.047
504,M,Dewsbury-Hall,4.4,4.4,Leicester,64.0,2.27,65.0,0.0,16.7625,2.684,17.317500000000003,2.2469999999999994,62.0,2.476,25.173333333333336,2.451,23.99333333333333,2.7630000000000003,58,2.12
505,M,Elliott,5.3,5.3,Liverpool,1.0,0.122,0.0,0.0,4.0,0.238,5.0,0.282,0.0,0.0,2.625,0.34,1.575,0.143,4,0.227
506,M,Palmer,4.5,4.5,Man City,0.0,0.0,0.0,0.0,1.0,0.055,2.0,0.111,0.0,0.0,2.0,0.116,3.0,0.159,2,0.106
507,M,Edozie,4.7,4.7,Man City,0.0,0.0,0.0,0.0,0.0,0.0,1.0,0.053,0.0,0.0,1.0,0.054,2.0,0.1,1,0.051
508,G,Heaton,3.9,3.9,Man Utd,0.0,0.0,0.0,0.0,0.0,0.0,1.0,0.043,0.0,0.0,1.0,0.044,1.0,0.043,1,0.05
509,D,Dalot,4.6,4.6,Man Utd,86.0,3.263,76.0,0.0,78.0,1.474,74.0,3.072,7.0,0.144,71.0,3.199,71.0,2.912,67,3.735
510,M,Pereira,5.0,5.0,Man Utd,0.0,0.0,0.0,0.0,0.0,0.0,0.0,0.0,0.0,0.0,0.0,0.0,0.0,0.0,0,0.0
511,M,Elanga,4.8,4.8,Man Utd,26.0,1.521,30.0,0.0,28.0,1.212,30.0,1.706,3.0,0.097,32.0,2.004,29.0,1.655,31,2.036
512,G,Woodman,4.3,4.3,Newcastle,0.0,0.0,0.0,0.0,0.0,0.0,0.0,0.0,0.0,0.0,0.0,0.0,0.0,0.0,0,0.0
513,G,Gillespie,3.9,3.9,Newcastle,0.0,0.0,1.0,0.0,0.3333333333333333,0.042,1.0,0.036,0.35,0.015,0.4066666666666667,0.045,0.0,0.0,1,0.04
514,D,Mumba,3.9,3.9,Norwich,0.0,0.0,0.0,0.0,0.0,0.0,0.0,0.0,0.0,0.0,0.0,0.0,0.0,0.0,0,0.0
515,F,Sargent,5.4,5.4,Norwich,68.0,2.095,61.0,0.0,31.475,2.4330000000000003,30.9,2.322,6.0,0.177,31.065,2.182,33.79,2.717,56,1.894
516,M,Elyounoussi,5.4,5.4,Southampton,49.0,2.527,57.0,0.0,30.525,2.774,59.0,3.341,25.5,1.174,27.195,2.652,30.525,2.532,51,2.317
517,F,Broja,5.3,5.3,Southampton,77.0,4.198,75.0,0.0,81.0,3.807,78.0,4.638,35.0,1.731,76.0,3.929,75.0,3.205,68,3.195
518,F,Long,5.4,5.4,Southampton,5.0,0.304,6.0,0.0,3.775,0.41,7.0,0.461,4.5,0.196,3.885,0.446,3.885,0.4,7,0.395
519,F,Scarlett,4.5,4.5,Spurs,2.0,0.2329999999999999,2.0,0.0,2.0,0.141,4.44,0.246,0.0,0.0,1.626666666666667,0.32,1.22,0.211,5,0.325
520,D,Alves,4.0,4.0,West Ham,0.0,0.0,0.0,0.0,0.0,0.0,0.0,0.0,0.0,0.0,0.0,0.0,0.0,0.0,0,0.0
521,M,Coventry,4.5,4.5,West Ham,0.0,0.0,0.0,0.0,0.0,0.0,0.0,0.0,0.0,0.0,0.0,0.0,0.0,0.0,0,0.0
522,F,Cutrone,5.0,5.0,Wolves,0.0,0.0,0.0,0.0,0.0,0.0,0.0,0.0,0.0,0.0,0.0,0.0,0.0,0.0,0,0.0
523,M,Wissa,5.8,5.8,Brentford,38.0,1.782,26.0,0.0,20.0,1.212,19.0,1.275,22.0,1.224,21.0,0.983,20.0,1.214,26,1.559
524,F,A.Armstrong,5.7,5.7,Southampton,11.0,0.79,12.0,0.0,8.88,1.043,18.0,1.275,8.0,0.415,9.435,1.177,9.99,1.059,21,1.232
525,M,Chukwuemeka,4.5,4.5,Aston Villa,7.0,0.348,2.533333333333333,0.0,2.526666666666667,0.318,8.66,0.37,8.0,0.365,2.42,0.288,2.823333333333333,0.351,4,0.171
526,D,Chalobah,4.7,4.7,Chelsea,9.0,0.414,0.0,0.0,8.16,0.4,5.11,0.523,0.0,0.0,7.14,0.773,4.59,0.413,11,0.513
527,M,Tzolis,4.8,4.8,Norwich,11.0,0.487,12.0,0.0,7.21,0.728,8.74,0.847,1.0,0.022,10.9,0.973,10.355,1.049,20,0.876
528,F,Lukaku,11.5,11.5,Chelsea,85.0,5.119,0.0,0.0,95.62,6.210999999999999,41.27,6.358,9.0,0.6,38.25,5.396999999999999,39.78,5.102,77,5.218
529,F,Balogun,4.7,4.7,Arsenal,0.0,0.0,0.0,0.0,0.0,0.0,0.0,0.0,0.0,0.0,0.0,0.0,0.0,0.0,0,0.0
530,M,Nelson,5.0,5.0,Arsenal,0.0,0.0,0.0,0.0,0.0,0.0,0.0,0.0,0.0,0.0,0.0,0.0,0.0,0.0,0,0.0
531,G,Hein,4.0,4.0,Arsenal,0.0,0.0,0.0,0.0,0.0,0.0,0.0,0.0,0.0,0.0,0.0,0.0,0.0,0.0,0,0.0
532,F,Richardson,4.4,4.4,Burnley,0.0,0.0,0.0,0.0,0.0,0.0,0.0,0.0,0.0,0.0,0.0,0.0,0.0,0.0,0,0.0
533,D,Thomas,3.9,3.9,Burnley,0.5,0.026,0.6666666666666666,0.0,1.11,0.022,1.22,0.0289999999999999,0.5,0.01,0.4066666666666667,0.0209999999999999,0.8133333333333335,0.066,3,0.07
534,F,Zeqiri,4.5,4.5,Brighton,0.0,0.0,0.0,0.0,0.0,0.0,0.0,0.0,0.0,0.0,0.0,0.0,0.0,0.0,0,0.0
535,D,Karbownik,4.0,4.0,Brighton,0.0,0.0,0.0,0.0,0.0,0.0,0.0,0.0,0.0,0.0,0.0,0.0,0.0,0.0,0,0.0
536,M,Richards,4.5,4.5,Brighton,0.0,0.0,0.0,0.0,0.0,0.0,0.0,0.0,0.0,0.0,0.0,0.0,0.0,0.0,0,0.0
537,M,Caicedo,4.5,4.5,Brighton,0.0,0.0,0.0,0.0,0.0,0.0,0.0,0.0,0.0,0.0,0.0,0.0,0.0,0.0,0,0.0
538,D,Emerson,4.5,4.5,Chelsea,0.0,0.0,0.0,0.0,0.0,0.0,0.0,0.0,0.0,0.0,0.0,0.0,0.0,0.0,0,0.0
539,D,Hannam,3.9,3.9,Crystal Palace,0.0,0.0,2.0,0.0,4.0,0.116,3.0,0.061,1.0499999999999998,0.02,4.0,0.111,3.0,0.079,4,0.115
540,M,Rak-Sakyi,4.4,4.4,Crystal Palace,0.0,0.0,0.0,0.0,0.0,0.0,0.0,0.0,0.0,0.0,0.0,0.0,1.0,0.048,1,0.048
541,F,Street,4.5,4.5,Crystal Palace,0.0,0.0,0.0,0.0,0.0,0.0,0.0,0.0,0.0,0.0,0.0,0.0,0.0,0.0,0,0.0
542,M,Banks,4.5,4.5,Crystal Palace,0.0,0.0,0.0,0.0,0.0,0.0,0.0,0.0,0.0,0.0,1.0,0.048,1.0,0.048,0,0.0
543,D,Branthwaite,4.0,4.0,Everton,73.0,2.082,68.0,0.0,64.85000000000001,1.692,56.2,2.183,10.0,0.344,11.79,1.388,11.135000000000002,1.3849999999999998,29,1.141
544,F,Broadhead,4.5,4.5,Everton,0.0,0.0,0.0,0.0,0.0,0.0,0.0,0.0,0.0,0.0,0.0,0.0,0.0,0.0,0,0.0
545,D,Valery,3.9,3.9,Southampton,4.0,0.155,5.0,0.0,3.275,0.213,6.0,0.262,4.5,0.136,6.66,0.4649999999999999,4.995,0.293,11,0.379
546,M,Cundle,4.4,4.4,Wolves,5.5,0.476,2.15,0.0,4.0,0.168,1.05,0.081,1.0,0.041,1.1,0.083,2.2,0.173,2,0.077
547,M,Campbell,4.4,4.4,Wolves,1.0,0.095,0.05,0.0,1.0,0.049,0.55,0.05,0.0,0.0,0.0,0.0,0.55,0.05,0,0.0
548,D,Marques,4.0,4.0,Wolves,0.0,0.0,0.0,0.0,0.0,0.0,0.0,0.0,0.0,0.0,0.0,0.0,0.0,0.0,0,0.0
549,F,Greenwood,4.5,4.5,Leeds,0.0,0.0,0.0,0.0,0.0,0.0,0.0,0.0,0.0,0.0,0.0,0.0,0.0,0.0,0,0.0
550,M,Summerville,4.5,4.5,Leeds,3.0,0.27,2.15,0.0,1.05,0.098,2.0,0.103,1.0,0.045,1.65,0.161,1.65,0.159,3,0.138
551,M,Forshaw,4.5,4.5,Leeds,35.0,2.458,19.8,0.0,19.65,1.408,32.0,1.341,27.0,1.059,14.3,1.175,14.3,1.159,29,1.074
552,M,Woodburn,4.5,4.5,Liverpool,0.0,0.0,0.0,0.0,0.0,0.0,0.0,0.0,0.0,0.0,0.0,0.0,0.0,0.0,0,0.0
553,D,Baptiste,4.0,4.0,West Ham,0.0,0.0,0.0,0.0,0.0,0.0,0.0,0.0,0.0,0.0,1.0,0.032,1.0,0.031,1,0.035
554,D,Varane,5.5,5.5,Man Utd,89.0,3.299,83.0,0.0,85.0,1.571,81.0,3.196,9.0,0.187,77.0,3.27,78.0,3.035,82,4.253
555,G,Fernández,4.5,4.5,Brentford,0.0,0.0,0.0,0.0,1.0,0.044,2.0,0.093,1.0,0.038,4.0,0.143,1.0,0.041,1,0.043
556,M,Tufan,5.0,5.0,Watford,0.0,0.0,0.0,0.0,0.0,0.0,0.0,0.0,0.0,0.0,0.0,0.0,0.0,0.0,0,0.0
557,M,Ødegaard,5.5,5.5,Arsenal,80.5,8.338999999999999,0.0,0.0,88.0,4.369,86.0,4.545,73.0,3.429,20.355,3.768,21.535,4.266000000000001,72,3.436
558,G,Ramsdale,5.1,5.1,Arsenal,90.0,8.803,0.0,0.0,108.0,4.834,105.0,4.572,88.0,3.752,26.255000000000003,4.5,25.960000000000004,4.753,87,3.707
559,D,Roberts,3.9,3.9,Brighton,1.0,0.05,3.0,0.0,4.0,0.157,1.61,0.102,0.0,0.0,2.22,0.209,2.22,0.139,4,0.137
560,G,Matthews,3.9,3.9,Crystal Palace,0.0,0.0,0.0,0.0,0.0,0.0,1.0,0.036,0.0,0.0,1.0,0.04,1.0,0.039,1,0.04
561,D,Drameh,3.9,3.9,Leeds,0.0,0.0,0.0,0.0,0.0,0.0,0.0,0.0,0.0,0.0,0.0,0.0,0.0,0.0,0,0.0
562,D,Cresswell,4.0,4.0,Leeds,6.0,0.244,5.0,0.0,3.8,0.19,6.0,0.223,2.0,0.053,1.1,0.062,1.65,0.095,2,0.044
563,F,Kean,6.0,6.0,Everton,0.0,0.0,0.0,0.0,0.0,0.0,0.0,0.0,0.0,0.0,0.0,0.0,0.0,0.0,0,0.0
564,D,Dodgson,3.9,3.9,Burnley,0.0,0.0,0.3333333333333333,0.0,1.0,0.021,1.11,0.028,1.0,0.02,0.8133333333333335,0.041,0.4066666666666667,0.032,4,0.094
565,M,Doyle,4.5,4.5,Man City,0.0,0.0,0.0,0.0,0.0,0.0,0.0,0.0,0.0,0.0,0.0,0.0,0.0,0.0,0,0.0
566,D,Lyanco,4.4,4.4,Southampton,0.0,0.0,0.0,0.0,0.0,0.0,0.0,0.0,0.0,0.0,0.0,0.0,0.555,0.031,9,0.278
567,F,Archer,4.5,4.5,Aston Villa,0.0,0.0,0.0,0.0,0.0,0.0,0.0,0.0,0.0,0.0,0.0,0.0,0.0,0.0,0,0.0
568,D,Stevens,3.9,3.9,Brentford,0.0,0.0,0.0,0.0,0.0,0.0,0.0,0.0,0.0,0.0,1.0,0.03,1.0,0.04,2,0.082
569,D,Nkounkou,4.0,4.0,Everton,0.0,0.0,0.0,0.0,0.0,0.0,0.0,0.0,0.0,0.0,0.0,0.0,0.0,0.0,0,0.0
570,G,Lonergan,4.0,4.0,Everton,0.0,0.0,1.0,0.0,1.0,0.037,0.03,0.001,0.0,0.0,0.3275,0.0509999999999999,0.6550000000000001,0.1009999999999999,1,0.042
571,G,Okonkwo,3.9,3.9,Arsenal,0.0,0.0,0.0,0.0,0.0,0.0,1.0,0.044,0.0,0.0,0.0,0.0,0.0,0.0,0,0.0
572,G,Jakupovic,4.0,4.0,Leicester,0.0,0.0,0.0,0.0,0.2575,0.042,0.27,0.039,1.0,0.044,0.3933333333333333,0.043,0.3933333333333333,0.049,1,0.039
573,G,Elliot,4.0,4.0,Watford,0.0,0.0,0.0,0.0,0.0,0.0,0.0,0.0,0.0,0.0,0.0,0.0,0.55,0.044,0,0.0
574,M,Lennon,4.9,4.9,Burnley,65.5,4.615,37.333333333333336,0.0,62.61,2.092,64.28,2.31,25.5,0.927,20.33333333333333,1.953,21.146666666666665,2.375,51,1.775
575,M,McCarron,4.4,4.4,Leeds,1.0,0.082,1.0,0.0,0.55,0.044,1.0,0.044,0.0,0.0,0.55,0.045,0.55,0.045,1,0.041
576,F,Gelhardt,4.6,4.6,Leeds,3.5,0.344,2.15,0.0,1.15,0.1129999999999999,2.0,0.113,3.0,0.147,1.65,0.177,1.65,0.172,4,0.193
577,M,Cornet,5.9,5.9,Burnley,74.0,6.017,47.0,0.0,83.37,2.9870000000000005,75.59,3.098,32.5,1.428,25.620000000000005,2.639,26.433333333333337,3.3840000000000003,64,2.414
578,F,Ronaldo,12.5,12.5,Man Utd,79.0,5.431,73.0,0.0,70.0,2.89,66.0,4.44,7.0,0.314,64.0,5.034,65.0,4.366,63,5.132
579,D,Kabak,4.3,4.3,Norwich,1.0,0.014,4.0,0.0,3.075,0.2,2.545,0.128,0.0,0.0,2.725,0.133,3.27,0.213,9,0.187
580,M,Normann,4.5,4.5,Norwich,34.0,1.094,31.0,0.0,13.98,1.083,16.04,1.152,3.0,0.065,20.165,1.336,17.44,1.292,32,1.06
581,M,Vlasic,5.6,5.6,West Ham,9.0,0.563,11.0,0.0,13.0,0.631,14.0,0.871,1.0,0.029,17.0,1.095,15.0,0.883,17,1.12
582,F,Hwang,5.4,5.4,Wolves,40.0,3.622,37.0,0.0,70.0,3.103,34.7,2.924,62.0,2.991,36.85,3.261,34.65,2.993,63,2.154
583,D,Cucurella,5.1,5.1,Brighton,88.0,4.472,82.0,0.0,85.0,3.326,44.01,2.343,5.0,0.076,42.18,4.5280000000000005,42.735,2.4330000000000003,76,2.257
584,D,Roberts,4.5,4.5,Burnley,60.0,3.789,41.66666666666666,0.0,65.94,1.603,70.6,2.44,26.5,0.942,22.77333333333333,1.371,22.366666666666664,2.513,59,1.512
585,F,Edouard,6.5,6.5,Crystal Palace,57.0,5.8870000000000005,53.0,0.0,57.0,2.706,53.0,2.163,18.55,0.947,55.0,2.792,52.0,2.772,51,2.738
586,M,Lookman,6.0,6.0,Leicester,49.0,2.24,47.0,0.0,12.6675,2.752,12.1375,2.04,44.0,2.366,18.486666666666665,2.341,17.30666666666667,2.656,44,2.187
587,D,Emerson Royal,4.9,4.9,Spurs,42.5,2.961,40.0,0.0,41.0,2.057,49.18,1.603,4.0,0.16,16.673333333333332,2.518,15.046666666666669,1.811,33,1.677
588,M,Kral,4.4,4.4,West Ham,1.0,0.04,5.0,0.0,5.0,0.176,4.0,0.158,0.0,0.0,7.0,0.278,8.0,0.308,9,0.373
589,D,Tomiyasu,4.6,4.6,Arsenal,50.0,4.955,0.0,0.0,96.0,4.047,93.0,3.837,74.0,2.773,22.42,3.344,22.42,3.934,73,2.725
590,F,Rondón,6.0,6.0,Everton,3.0,0.176,3.0,0.0,4.42,0.228,4.09,0.238,0.0,0.0,1.6375,0.328,0.9825,0.2,5,0.325
591,M,Saúl,4.9,4.9,Chelsea,10.0,0.51,0.0,0.0,11.22,0.5730000000000001,7.11,0.8160000000000001,0.0,0.0,5.61,0.619,6.12,0.634,16,0.84
592,G,Carson,3.9,3.9,Man City,0.0,0.0,0.0,0.0,0.0,0.0,1.0,0.05,0.0,0.0,0.0,0.0,0.0,0.0,1,0.051
593,D,Zanka,4.5,4.5,Brentford,0.0,0.0,22.0,0.0,38.0,1.57,39.0,1.81,44.0,1.325,45.0,0.897,48.0,1.69,44,1.7
594,F,Locadia,4.4,4.4,Brighton,0.0,0.0,0.0,0.0,0.0,0.0,0.0,0.0,0.0,0.0,0.0,0.0,0.0,0.0,0,0.0
595,G,Sinisalo,4.0,4.0,Aston Villa,0.0,0.0,0.0,0.0,0.0333333333333333,0.004,1.22,0.048,2.0,0.079,0.4033333333333334,0.05,0.8066666666666668,0.098,1,0.036
596,M,Markanday,4.5,4.5,Spurs,0.0,0.0,0.0,0.0,0.0,0.0,0.0,0.0,0.0,0.0,0.0,0.0,0.0,0.0,0,0.0
597,D,Omole,3.9,3.9,Spurs,0.0,0.0,0.0,0.0,0.0,0.0,0.11,0.002,0.0,0.0,0.4066666666666667,0.036,0.0,0.0,1,0.032
598,M,White,4.4,4.4,Newcastle,0.0,0.0,0.0,0.0,0.0,0.0,0.0,0.0,0.0,0.0,0.0,0.0,0.0,0.0,0,0.0
599,M,Kenneh,4.4,4.4,Leeds,1.0,0.093,0.55,0.0,0.5,0.048,1.0,0.05,1.0,0.046,0.0,0.0,1.1,0.1,2,0.091
600,M,McKinstry,4.3,4.3,Leeds,1.0,0.093,0.55,0.0,0.5,0.048,0.0,0.0,0.0,0.0,1.1,0.101,0.55,0.05,1,0.046
601,F,Simms,4.5,4.5,Everton,0.0,0.0,0.0,0.0,0.0,0.0,0.0,0.0,0.0,0.0,0.0,0.0,0.0,0.0,0,0.0
602,D,Mbete,3.9,3.9,Man City,0.0,0.0,0.0,0.0,1.0,0.034,0.0,0.0,0.0,0.0,2.0,0.075,1.0,0.031,1,0.035
603,D,Wilson-Esbrand,3.9,3.9,Man City,0.0,0.0,1.0,0.0,1.0,0.034,0.0,0.0,0.0,0.0,1.0,0.037,1.0,0.031,1,0.035
604,M,Lavia,4.4,4.4,Man City,1.0,0.054,1.0,0.0,1.0,0.053,1.0,0.053,0.0,0.0,1.0,0.054,2.0,0.1,2,0.102
605,G,Bettinelli,4.0,4.0,Chelsea,0.0,0.0,0.0,0.0,0.0,0.0,0.0,0.0,0.0,0.0,0.0,0.0,0.51,0.046,0,0.0
606,F,Dobbin,4.5,4.5,Everton,0.0,0.0,0.0,0.0,0.0,0.0,0.0,0.0,0.0,0.0,0.0,0.0,0.0,0.0,0,0.0
607,D,Hjelde,4.0,4.0,Leeds,3.5,0.149,2.15,0.0,1.75,0.078,1.0,0.032,2.0,0.051,1.1,0.059,1.1,0.059,3,0.063
608,M,Anderson,4.5,4.5,Newcastle,0.0,0.0,0.0,0.0,0.0,0.0,0.0,0.0,0.0,0.0,0.0,0.0,0.0,0.0,0,0.0
609,D,Bogarde,4.0,4.0,Aston Villa,1.0,0.034,0.7000000000000001,0.0,0.7366666666666667,0.061,1.22,0.028,2.0,0.052,0.8066666666666668,0.06,1.6133333333333335,0.125,3,0.063
610,G,Moulden,4.0,4.0,Wolves,0.0,0.0,0.0,0.0,0.0,0.0,0.0,0.0,0.0,0.0,0.0,0.0,0.0,0.0,0,0.0
611,M,Sarmiento,4.5,4.5,Brighton,0.0,0.0,0.0,0.0,0.0,0.0,0.0,0.0,0.0,0.0,0.0,0.0,0.555,0.048,0,0.0
612,M,Whitaker,4.5,4.5,Everton,0.0,0.0,0.0,0.0,0.0,0.0,0.0,0.0,0.0,0.0,0.0,0.0,0.0,0.0,0,0.0
613,M,Maghoma,4.5,4.5,Brentford,0.0,0.0,0.0,0.0,0.0,0.0,0.0,0.0,0.0,0.0,0.0,0.0,0.0,0.0,0,0.0
614,G,Slicker,4.0,4.0,Man City,0.0,0.0,0.0,0.0,0.0,0.0,0.0,0.0,0.0,0.0,1.0,0.052,0.0,0.0,0,0.0
615,G,Tyrer,4.0,4.0,Everton,0.0,0.0,0.0,0.0,1.0,0.037,0.03,0.001,0.0,0.0,0.3275,0.0509999999999999,0.3275,0.052,2,0.084
616,D,Ashby,4.0,4.0,West Ham,0.0,0.0,0.0,0.0,0.0,0.0,0.0,0.0,0.0,0.0,1.0,0.032,1.0,0.031,1,0.035
617,D,Nkoulou,4.4,4.4,Watford,0.0,0.0,0.0,0.0,0.0,0.0,2.1,0.097,5.0,0.159,31.9,0.801,32.45,2.062,55,2.113
618,G,Cox,4.0,4.0,Brentford,0.0,0.0,0.0,0.0,0.0,0.0,0.0,0.0,0.0,0.0,0.0,0.0,0.0,0.0,0,0.0
619,M,Morton,4.5,4.5,Liverpool,0.0,0.0,0.0,0.0,0.0,0.0,0.0,0.0,0.0,0.0,0.0,0.0,0.0,0.0,0,0.0
620,G,Storer,4.0,4.0,Wolves,0.0,0.0,0.0,0.0,0.0,0.0,0.5,0.042,2.0,0.089,0.55,0.0499999999999999,0.55,0.0479999999999999,1,0.037
621,F,Tosun,5.0,5.0,Everton,0.0,0.0,0.0,0.0,0.0,0.0,0.0,0.0,0.0,0.0,0.0,0.0,0.0,0.0,0,0.0
622,D,Welch,4.0,4.0,Everton,1.0,0.025,2.0,0.0,3.23,0.072,2.06,0.062,0.0,0.0,0.0,0.0,0.3275,0.03,1,0.029
623,M,Bate,4.5,4.5,Leeds,1.0,0.093,0.05,0.0,0.5,0.048,0.0,0.0,0.0,0.0,0.55,0.051,0.55,0.051,1,0.046
624,M,Gordon,4.5,4.5,Liverpool,0.0,0.0,0.0,0.0,0.0,0.0,0.0,0.0,0.0,0.0,0.0,0.0,0.0,0.0,0,0.0
625,D,Bradley,4.0,4.0,Liverpool,0.0,0.0,0.0,0.0,0.0,0.0,1.0,0.033,0.0,0.0,0.525,0.038,0.0,0.0,2,0.065
626,D,Beck,4.0,4.0,Liverpool,0.0,0.0,0.0,0.0,0.0,0.0,1.0,0.033,0.0,0.0,0.525,0.038,2.1,0.099,2,0.065
627,M,Haygarth,4.5,4.5,Brentford,0.0,0.0,0.0,0.0,0.0,0.0,0.0,0.0,0.0,0.0,0.0,0.0,0.0,0.0,0,0.0
628,M,McAtee,4.4,4.4,Man City,0.0,0.0,0.0,0.0,0.0,0.0,0.0,0.0,0.0,0.0,0.0,0.0,0.0,0.0,0,0.0
629,M,Onyango,4.5,4.5,Everton,0.0,0.0,0.0,0.0,0.0,0.0,0.0,0.0,0.0,0.0,0.0,0.0,0.0,0.0,0,0.0
630,M,Jenkins,4.5,4.5,Leeds,1.5,0.138,0.55,0.0,0.05,0.002,1.0,0.05,1.0,0.046,0.0,0.0,0.55,0.05,0,0.0
631,D,Jones,4.5,4.5,Man Utd,0.0,0.0,0.0,0.0,0.0,0.0,1.0,0.046,0.0,0.0,1.0,0.048,0.0,0.0,1,0.053
632,D,Morris,4.0,4.0,Watford,0.0,0.0,0.0,0.0,0.0,0.0,0.5,0.023,0.0,0.0,0.55,0.0139999999999999,0.55,0.028,1,0.03
633,M,Perkins,4.5,4.5,West Ham,0.0,0.0,1.0,0.0,2.0,0.09,1.0,0.05,0.0,0.0,2.0,0.101,3.0,0.143,5,0.251
634,D,Bueno,4.0,4.0,Wolves,0.5,0.029,0.0,0.0,0.0,0.0,0.0,0.0,0.0,0.0,0.55,0.032,0.0,0.0,1,0.021
635,M,Diallo,5.0,5.0,Man Utd,0.0,0.0,0.0,0.0,0.0,0.0,0.0,0.0,0.0,0.0,0.0,0.0,0.0,0.0,0,0.0
636,G,Lewis,3.9,3.9,Southampton,0.0,0.0,0.0,0.0,0.0,0.0,0.0,0.0,0.0,0.0,0.0,0.0,0.0,0.0,0,0.0
637,M,Iroegbunam,4.5,4.5,Aston Villa,0.0,0.0,0.3999999999999999,0.0,0.4033333333333334,0.054,2.11,0.095,1.0,0.048,0.4033333333333334,0.051,0.4033333333333334,0.052,1,0.046
638,D,Daley-Campbell,4.0,4.0,Leicester,0.0,0.0,0.0,0.0,0.0,0.0,0.0,0.0,0.0,0.0,0.0,0.0,0.0,0.0,0,0.0
639,F,Young-Coombes,4.5,4.5,Brentford,0.0,0.0,0.0,0.0,0.0,0.0,0.0,0.0,0.0,0.0,0.0,0.0,0.0,0.0,0,0.0
640,G,Caballero,4.3,4.3,Southampton,0.0,0.0,0.0,0.0,0.0,0.0,0.0,0.0,0.5,0.021,0.0,0.0,0.0,0.0,0,0.0
641,G,Angelini,4.0,4.0,Watford,0.0,0.0,0.0,0.0,0.0,0.0,0.0,0.0,0.0,0.0,0.0,0.0,0.0,0.0,0,0.0
642,D,Tomkinson,4.0,4.0,Norwich,0.0,0.0,0.0,0.0,0.5,0.03,0.0,0.0,0.0,0.0,0.545,0.025,0.545,0.032,1,0.019
643,D,Alese,4.0,4.0,West Ham,0.0,0.0,1.0,0.0,1.0,0.019,1.0,0.031,0.0,0.0,1.0,0.032,0.0,0.0,2,0.071
644,D,Nelson,4.0,4.0,Leicester,0.0,0.0,0.0,0.0,0.0125,0.0,0.27,0.022,0.0,0.0,0.0,0.0,0.3933333333333333,0.033,0,0.0
645,M,Brunt,4.5,4.5,Leicester,0.0,0.0,0.0,0.0,0.265,0.052,0.27,0.048,1.0,0.05,0.0,0.0,0.3933333333333333,0.054,1,0.049
646,M,McAteer,4.5,4.5,Leicester,0.0,0.0,0.0,0.0,0.0,0.0,0.0,0.0,0.0,0.0,0.0,0.0,0.0,0.0,0,0.0
647,M,Rowe,4.4,4.4,Norwich,0.0,0.0,1.0,0.0,0.0,0.0,0.0,0.0,0.0,0.0,0.0,0.0,0.545,0.048,1,0.045
648,F,Dickson-Peters,4.5,4.5,Norwich,0.0,0.0,0.0,0.0,0.0,0.0,0.0,0.0,0.0,0.0,0.0,0.0,0.0,0.0,0,0.0
649,G,Marschall,4.0,4.0,Aston Villa,0.0,0.0,0.0,0.0,0.0,0.0,0.0,0.0,0.0,0.0,0.0,0.0,0.0,0.0,0,0.0
650,D,Egan-Riley,4.0,4.0,Man City,0.0,0.0,0.0,0.0,0.0,0.0,0.0,0.0,0.0,0.0,0.0,0.0,0.0,0.0,0,0.0
651,M,Oko-Flex,4.4,4.4,West Ham,0.0,0.0,2.0,0.0,1.0,0.046,2.0,0.099,0.0,0.0,1.0,0.051,4.0,0.189,4,0.202
652,D,Turns,4.0,4.0,Brighton,0.0,0.0,0.0,0.0,0.0,0.0,0.555,0.023,0.0,0.0,0.555,0.038,0.555,0.024,3,0.077
653,M,Leonard,4.5,4.5,Brighton,0.0,0.0,0.0,0.0,0.0,0.0,0.0,0.0,0.0,0.0,0.0,0.0,0.0,0.0,0,0.0
654,F,Ferguson,4.5,4.5,Brighton,0.0,0.0,0.0,0.0,0.0,0.0,0.0,0.0,0.0,0.0,0.0,0.0,0.0,0.0,0,0.0
655,G,Pitaluga,4.0,4.0,Liverpool,0.0,0.0,0.0,0.0,0.0,0.0,0.0,0.0,0.0,0.0,0.0,0.0,0.0,0.0,0,0.0
656,D,Moore,4.0,4.0,Leeds,0.0,0.0,0.0,0.0,0.0,0.0,0.0,0.0,0.0,0.0,0.0,0.0,0.0,0.0,0,0.0
657,M,Gray,4.5,4.5,Leeds,0.0,0.0,0.0,0.0,0.0,0.0,0.0,0.0,0.0,0.0,0.0,0.0,0.0,0.0,0,0.0
658,G,Austin,4.0,4.0,Spurs,0.0,0.0,0.0,0.0,0.0,0.0,0.0,0.0,0.0,0.0,0.4066666666666667,0.055,0.0,0.0,1,0.045
659,D,Quansah,4.0,4.0,Liverpool,0.0,0.0,0.0,0.0,0.0,0.0,0.0,0.0,0.0,0.0,0.0,0.0,0.0,0.0,0,0.0
660,M,Jordão,4.5,4.5,Wolves,0.0,0.0,0.0,0.0,0.0,0.0,0.0,0.0,0.0,0.0,0.0,0.0,0.0,0.0,0,0.0
661,M,Peart-Harris,4.5,4.5,Brentford,0.0,0.0,0.0,0.0,0.0,0.0,0.0,0.0,0.0,0.0,0.0,0.0,0.0,0.0,0,0.0
662,F,Kayky,5.0,5.0,Man City,0.0,0.0,0.0,0.0,0.0,0.0,0.0,0.0,0.0,0.0,0.0,0.0,1.0,0.055,1,0.056
663,M,Patino,4.5,4.5,Arsenal,0.0,0.0,0.0,0.0,0.0,0.0,0.0,0.0,1.0,0.049,0.0,0.0,0.295,0.053,0,0.0
664,D,Simeu,4.0,4.0,Southampton,0.0,0.0,0.0,0.0,0.0,0.0,0.0,0.0,0.0,0.0,0.0,0.0,0.0,0.0,0,0.0
665,G,McCracken,4.0,4.0,Norwich,0.0,0.0,1.0,0.0,0.0,0.0,0.0,0.0,0.0,0.0,0.0,0.0,0.0,0.0,0,0.0
666,D,Small,4.0,4.0,Southampton,0.0,0.0,0.0,0.0,0.5,0.026,0.0,0.0,0.5,0.011,0.555,0.0279999999999999,0.555,0.025,1,0.026
667,M,White,4.4,4.4,Spurs,0.0,0.0,0.0,0.0,1.0,0.051,0.11,0.002,0.0,0.0,0.0,0.0,0.4066666666666667,0.052,2,0.098
668,M,Conteh,4.5,4.5,Watford,0.0,0.0,0.0,0.0,0.0,0.0,0.0,0.0,0.0,0.0,0.0,0.0,0.0,0.0,0,0.0
669,D,Feeney,4.0,4.0,Aston Villa,0.0,0.0,0.0,0.0,0.3333333333333333,0.029,0.0,0.0,0.0,0.0,0.0,0.0,0.0,0.0,0,0.0
670,M,Hall,4.5,4.5,Chelsea,0.0,0.0,0.0,0.0,0.0,0.0,0.0,0.0,0.0,0.0,0.0,0.0,0.0,0.0,0,0.0
671,M,Vale,4.5,4.5,Chelsea,0.0,0.0,0.0,0.0,0.0,0.0,0.0,0.0,0.0,0.0,0.0,0.0,0.0,0.0,0,0.0
672,G,Lössl,4.5,4.5,Brentford,0.0,0.0,0.0,0.0,0.0,0.0,0.0,0.0,1.0,0.038,1.0,0.036,2.0,0.082,1,0.043
673,D,Patterson,4.4,4.4,Everton,1.0,0.027,5.0,0.0,2.45,0.055,2.15,0.067,0.0,0.0,1.3100000000000005,0.123,0.9825,0.093,4,0.129
674,D,Mykolenko,5.0,5.0,Everton,63.0,2.087,61.0,0.0,72.0,2.173,70.0,3.112,14.0,0.577,74.0,2.335,73.0,2.464,55,2.292
675,D,Kamara,4.5,4.5,Watford,84.0,5.3420000000000005,44.9,0.0,86.0,2.417,43.45,2.338,18.0,0.676,40.7,1.1,40.7,2.896,74,3.138
676,D,Samir,4.5,4.5,Watford,87.0,4.67,45.6,0.0,89.0,2.113,40.15,1.903,15.0,0.475,22.0,0.5660000000000001,22.0,1.419,44,1.676
677,D,Trippier,5.0,5.0,Newcastle,35.0,0.842,63.0,0.0,32.346666666666664,3.448,91.0,1.591,27.65,1.007,32.94,2.33,30.093333333333334,3.4479999999999995,75,2.574
678,M,Kayembe,4.9,4.9,Watford,73.5,4.536,38.4,0.0,71.0,2.139,36.05,2.196,15.0,0.474,35.75,1.904,35.2,2.305,63,2.156
679,M,Chauke,4.5,4.5,Southampton,0.0,0.0,0.0,0.0,0.0,0.0,0.0,0.0,0.0,0.0,0.0,0.0,0.0,0.0,0,0.0
680,M,Coutinho,7.3,7.3,Aston Villa,80.0,5.031,85.0,0.0,91.0,5.336,89.0,4.332000000000001,73.0,3.568,86.0,4.177,85.0,4.504,71,3.008
681,D,Ekwah,4.0,4.0,West Ham,0.0,0.0,0.0,0.0,0.0,0.0,0.0,0.0,0.0,0.0,0.0,0.0,0.0,0.0,0,0.0
682,M,Gibbs,4.5,4.5,Norwich,0.0,0.0,0.0,0.0,0.0,0.0,0.0,0.0,0.0,0.0,0.0,0.0,0.0,0.0,0,0.0
683,D,Hayden,4.0,4.0,Aston Villa,0.0,0.0,0.0,0.0,0.0,0.0,0.0,0.0,0.0,0.0,0.0,0.0,0.0,0.0,1,0.021
684,D,Toti,4.5,4.5,Wolves,0.0,0.0,0.0,0.0,0.0,0.0,0.0,0.0,0.0,0.0,0.0,0.0,0.0,0.0,0,0.0
685,D,Sanderson,4.0,4.0,Wolves,0.0,0.0,0.0,0.0,0.0,0.0,0.0,0.0,0.0,0.0,0.0,0.0,0.0,0.0,0,0.0
686,M,Giles,4.5,4.5,Wolves,0.0,0.0,0.0,0.0,0.0,0.0,0.0,0.0,0.0,0.0,0.0,0.0,0.0,0.0,0,0.0
687,G,McGill,4.0,4.0,Brighton,0.0,0.0,0.0,0.0,1.0,0.042,0.0,0.0,0.0,0.0,0.0,0.0,0.555,0.043,1,0.038
688,M,Chiquinho,5.5,5.5,Wolves,18.5,1.888,9.2,0.0,14.0,0.758,6.05,0.5970000000000001,11.0,0.618,6.05,0.628,6.05,0.606,12,0.545
689,D,Kenedy,4.5,4.5,Chelsea,0.0,0.0,0.0,0.0,0.0,0.0,0.0,0.0,0.0,0.0,0.0,0.0,0.0,0.0,0,0.0
690,G,Olsen,4.0,4.0,Aston Villa,0.0,0.0,0.0,0.0,0.4333333333333333,0.054,1.11,0.043,1.0,0.039,0.4033333333333334,0.05,0.4033333333333334,0.0489999999999999,2,0.073
691,M,Hutchinson,4.5,4.5,Arsenal,0.0,0.0,0.0,0.0,0.0,0.0,0.0,0.0,0.0,0.0,0.0,0.0,0.0,0.0,0,0.0
692,M,Oulad M'hand,4.5,4.5,Arsenal,0.0,0.0,0.0,0.0,0.0,0.0,0.0,0.0,0.0,0.0,0.0,0.0,0.0,0.0,0,0.0
693,F,Biereth,4.5,4.5,Arsenal,0.0,0.0,0.0,0.0,0.0,0.0,0.0,0.0,0.0,0.0,0.0,0.0,0.0,0.0,0,0.0
694,D,Alebiosu,4.0,4.0,Arsenal,0.0,0.0,0.0,0.0,0.0,0.0,0.0,0.0,0.0,0.0,0.0,0.0,0.0,0.0,0,0.0
695,M,Luis Díaz,8.0,8.0,Liverpool,10.5,1.5590000000000002,0.0,0.0,16.0,1.072,20.0,1.2029999999999998,1.0,0.041,6.825,1.014,8.925,0.873,17,1.061
696,M,Bruno Guimarães,5.0,5.0,Newcastle,57.0,1.782,54.0,0.0,22.476666666666663,2.236,66.0,1.831,19.95,0.632,22.77333333333333,2.018,21.146666666666665,2.086,57,1.92
697,M,Kalu,5.0,5.0,Watford,0.0,0.0,0.0,0.0,0.0,0.0,0.0,0.0,0.0,0.0,0.0,0.0,0.0,0.0,0,0.0
698,M,Eriksen,5.5,5.5,Brentford,9.0,0.403,17.0,0.0,25.0,1.176,22.0,1.121,22.0,1.008,21.0,0.862,23.0,1.071,24,1.132
699,F,Weghorst,6.5,6.5,Burnley,55.5,5.053,55.66666666666666,0.0,94.69,3.81,92.58,4.19,39.0,2.067,31.313333333333333,3.494,29.686666666666667,4.343,75,3.094
700,M,Kulusevski,6.0,6.0,Spurs,28.5,2.5700000000000003,25.0,0.0,35.0,1.78,28.42,1.235,3.0,0.109,10.166666666666666,1.567,11.386666666666663,1.529,30,1.513
701,M,Bentancur,5.0,5.0,Spurs,29.5,2.231,34.0,0.0,40.0,1.557,38.18,1.3299999999999998,4.0,0.112,12.199999999999998,1.442,15.046666666666669,1.5830000000000002,34,1.35
702,M,Chrisene,4.5,4.5,Aston Villa,0.0,0.0,0.0,0.0,0.0,0.0,0.0,0.0,0.0,0.0,0.0,0.0,0.0,0.0,0,0.0
703,F,Delap,4.5,4.5,Man City,0.0,0.0,0.0,0.0,0.0,0.0,0.0,0.0,0.0,0.0,0.0,0.0,0.0,0.0,0,0.0
704,D,Awe,4.0,4.0,Arsenal,0.0,0.0,0.0,0.0,0.0,0.0,0.0,0.0,0.0,0.0,0.0,0.0,0.0,0.0,0,0.0
705,M,Mejbri,4.5,4.5,Man Utd,0.0,0.0,0.0,0.0,0.0,0.0,0.0,0.0,0.0,0.0,0.0,0.0,0.0,0.0,0,0.0
706,M,De Bolle,4.5,4.5,Newcastle,0.0,0.0,0.0,0.0,0.0,0.0,0.0,0.0,0.0,0.0,0.0,0.0,0.0,0.0,0,0.0
707,M,Charly Musonda Jr.,99.9,99.9,Chelsea,0.0,0.0,0.0,0.0,0.0,0.0,0.01,0.0,0.0,0.0,0.51,0.054,0.0,0.0,1,0.053
708,F,Billy Arce,99.9,99.9,Brighton,0.0,0.0,0.0,0.0,0.0,0.0,0.0,0.0,0.0,0.0,0.0,0.0,0.0,0.0,0,0.0
709,M,Tudor Baluta,99.9,99.9,Brighton,0.0,0.0,0.0,0.0,0.0,0.0,0.0,0.0,0.0,0.0,0.0,0.0,0.0,0.0,1,0.036
710,D,Julian Jeanvier,99.9,99.9,Brentford,0.0,0.0,0.0,0.0,1.0,0.048,0.0,0.0,1.0,0.041,1.0,0.033,1.0,0.044,0,0.0
711,G,Loris Karius,99.9,99.9,Liverpool,0.0,0.0,0.0,0.0,0.0,0.0,0.0,0.0,0.0,0.0,0.0,0.0,0.0,0.0,0,0.0
712,G,Lee Grant,99.9,99.9,Man Utd,0.0,0.0,1.0,0.0,1.0,0.036,1.0,0.043,0.0,0.0,0.0,0.0,1.0,0.043,0,0.0
713,G,Matija Sarkic,99.9,99.9,Wolves,0.0,0.0,0.0,0.0,0.0,0.0,0.0,0.0,0.0,0.0,0.0,0.0,0.55,0.0479999999999999,1,0.037
714,G,David Martin,99.9,99.9,West Ham,0.0,0.0,0.0,0.0,0.0,0.0,0.0,0.0,0.0,0.0,2.0,0.089,0.0,0.0,0,0.0
715,G,David Martin,99.9,99.9,West Ham,0.0,0.0,0.0,0.0,0.0,0.0,0.0,0.0,0.0,0.0,2.0,0.089,0.0,0.0,0,0.0
